original_hostname,registered_domain,has_history,fetched_at
schemas.alibaba-inc.com,alibaba-inc.com,True,2026-01-14T10:30:51.200095
scenic-healer-311406-default-rtdb.firebaseio.com,firebaseio.com,True,2026-01-14T10:37:54.864929
apifreelat.market.alicloudapi.com,alicloudapi.com,True,2026-01-14T10:30:51.200114
www.gesundheitsinformation.de,gesundheitsinformation.de,True,2026-01-14T10:38:02.573935
www.kodakphotoplus.com,kodakphotoplus.com,True,2026-01-14T10:38:34.916601
livecam.jaegeralpe.at,jaegeralpe.at,True,2026-01-14T10:38:25.901230
d83icvp2t9gcf.cloudfront.net,cloudfront.net,True,2026-01-14T10:36:48.156897
www.domi.at,domi.at,True,2026-01-14T10:37:34.409407
www.arlbergbahn.at,arlbergbahn.at,True,2026-01-14T10:31:41.673992
promotur.digitalwebland.com,digitalwebland.com,True,2026-01-14T10:37:34.409368
www.energy.de,energy.de,True,2026-01-14T10:37:42.798175
www.presonus.com,presonus.com,True,2026-01-14T10:39:55.740444
cjslserb2rhr7iaato74zj2554.appsync-api.us-east-1.amazonaws.com,amazonaws.com,True,2026-01-14T10:31:21.578777
security.uvrm2m.com,uvrm2m.com,True,2026-01-14T10:40:46.387631
www.fontlab.com,fontlab.com,True,2026-01-14T10:37:55.662798
www.palmay.hu,palmay.hu,True,2026-01-14T10:39:53.560416
sotp.club,sotp.club,True,2026-01-14T10:40:21.202032
ftp.brandnertal.at,brandnertal.at,True,2026-01-14T10:35:25.941975
webcam.jeszyaero.hu,jeszyaero.hu,True,2026-01-14T10:38:26.772807
webtvpicture.feratel.com,feratel.com,True,2026-01-14T10:37:54.864912
leskovec.zevs.si,zevs.si,True,2026-01-14T10:41:19.815096
weathercam.gsis.edu.hk,gsis.edu.hk,True,2026-01-14T10:38:04.459531
faakersee.it-wms.com,it-wms.com,True,2026-01-14T10:38:23.398619
www.movie-star.info,movie-star.info,True,2026-01-14T10:39:08.768280
sdkdc.live.qcloud.com,qcloud.com,True,2026-01-14T10:40:01.913937
streamingshvn4.mdottraffic.com,mdottraffic.com,True,2026-01-14T10:38:45.459212
www.jaegerstueble.at,jaegerstueble.at,True,2026-01-14T10:38:25.901249
1z2-devupgrade.myzmodo.com,myzmodo.com,True,2026-01-14T10:39:17.618582
soporte.cecotec.es,cecotec.es,False,2026-01-14T10:36:05.898544
www.cockos.com,cockos.com,True,2026-01-14T10:37:15.504196
hazecam.net,hazecam.net,True,2026-01-14T10:38:04.459549
www.nwahomepage.com,nwahomepage.com,False,2026-01-14T10:39:42.705104
gotochitu.com,gotochitu.com,True,2026-01-14T10:38:03.636492
www.osmer.fvg.it,osmer.fvg.it,True,2026-01-14T10:39:52.765607
www.storececotec.com,storececotec.com,True,2026-01-14T10:40:22.708274
img-infocam.infornax.hu,infornax.hu,True,2026-01-14T10:38:13.971604
www.ink-bird.com,ink-bird.com,True,2026-01-14T10:38:13.971625
images-webcams.windy.com,windy.com,True,2026-01-14T10:41:11.518347
hc-android-ee7a8.firebaseio.com,firebaseio.com,True,2026-01-14T10:37:54.864929
api.medtronic.com,medtronic.com,True,2026-01-14T10:38:45.459226
staging3.risebuildings.com,risebuildings.com,True,2026-01-14T10:40:04.017607
www.nityamlight.com,nityamlight.com,False,2026-01-14T10:39:34.640687
zdys1pbsj6.execute-api.us-east-1.amazonaws.com,amazonaws.com,True,2026-01-14T10:31:21.578777
dyy64lx5vf83b.cloudfront.net,cloudfront.net,True,2026-01-14T10:36:48.156897
apps.tirol.gv.at,tirol.gv.at,True,2026-01-14T10:40:39.672667
app.coolkit.cc,coolkit.cc,True,2026-01-14T10:37:17.314493
www.symantec.com,symantec.com,True,2026-01-14T10:40:22.708303
shimamaki-camera.aa0.netvolante.jp,netvolante.jp,True,2026-01-14T10:39:34.640655
www.medves.si,medves.si,True,2026-01-14T10:38:45.459241
www.mcbs.dirigosystems.com,dirigosystems.com,True,2026-01-14T10:37:34.409390
en.dl.mynetvue.com,mynetvue.com,True,2026-01-14T10:39:17.618549
camera2.buffalotrace.com,buffalotrace.com,True,2026-01-14T10:35:25.942006
meteo.physic.ut.ee,ut.ee,True,2026-01-14T10:40:46.387575
www.kgw.com,kgw.com,True,2026-01-14T10:38:32.879704
streamingshvn1.mdottraffic.com,mdottraffic.com,True,2026-01-14T10:38:45.459212
wecan-lbs-qa.netease.im,netease.im,True,2026-01-14T10:39:34.640603
apps.itd.idaho.gov,idaho.gov,True,2026-01-14T10:38:13.230598
www.layui.com,layui.com,True,2026-01-14T10:38:36.261044
localweb.nvts.co,nvts.co,True,2026-01-14T10:39:36.949141
scontent.cdninstagram.com,cdninstagram.com,True,2026-01-14T10:36:05.898520
birna-vas.zevs.si,zevs.si,True,2026-01-14T10:41:19.815096
www.temporal-wave.com,temporal-wave.com,True,2026-01-14T10:40:39.672597
www.loih.at,loih.at,True,2026-01-14T10:38:37.771245
5fca316e7c40f.streamlock.net,streamlock.net,True,2026-01-14T10:40:22.708291
www.monotype.com.hk,monotype.com.hk,True,2026-01-14T10:39:06.074213
hwapi.im.qcloud.com,qcloud.com,True,2026-01-14T10:40:01.913937
sc025rz5.edis.at,edis.at,True,2026-01-14T10:37:34.827859
znjj.jiale.com,jiale.com,True,2026-01-14T10:38:26.772831
www.pheed.com,pheed.com,True,2026-01-14T10:39:55.740427
auk.aptwireless.com,aptwireless.com,True,2026-01-14T10:31:41.673975
www.caribbeanresort.com,caribbeanresort.com,True,2026-01-14T10:35:26.038199
reddit-1258344699.cos.na-siliconvalley.myqcloud.com,myqcloud.com,True,2026-01-14T10:39:17.618569
seopic.699pic.com,699pic.com,True,2026-01-14T10:29:38.840935
api.saniq.org,saniq.org,True,2026-01-14T10:40:04.550769
bearlakeweather.com,bearlakeweather.com,True,2026-01-14T10:32:40.574839
212.b1automation.com,b1automation.com,True,2026-01-14T10:32:11.980569
www.thespruceeats.com,thespruceeats.com,True,2026-01-14T10:40:39.672655
store.onyx-international.com,onyx-international.com,True,2026-01-14T10:39:52.765547
dmp-prd-devices-api.unikey.com,unikey.com,True,2026-01-14T10:40:41.628625
www.hodafone.com.cn,hodafone.com.cn,True,2026-01-14T10:38:11.779032
images.nutrino.co,nutrino.co,True,2026-01-14T10:39:36.949093
usapp-open.ulifecam.com,ulifecam.com,True,2026-01-14T10:40:41.628609
waveoncloud.ptttutorials.com,ptttutorials.com,True,2026-01-14T10:40:01.341195
dev-faq.nutrino.co,nutrino.co,True,2026-01-14T10:39:36.949093
oakleywebcam.com,oakleywebcam.com,False,2026-01-14T10:39:42.705161
app.nexshome.com,nexshome.com,True,2026-01-14T10:39:34.640670
api.stage.proxy.com,proxy.com,True,2026-01-14T10:40:01.341135
home-mate-2.firebaseio.com,firebaseio.com,True,2026-01-14T10:37:54.864929
api.securecomwireless.com,securecomwireless.com,True,2026-01-14T10:40:11.933731
www.flaminggorgewebcams.com,flaminggorgewebcams.com,True,2026-01-14T10:37:54.864952
www.trcwebcams.org,trcwebcams.org,True,2026-01-14T10:40:39.672684
www.dwd.de,dwd.de,True,2026-01-14T10:37:34.827813
hume.org,hume.org,True,2026-01-14T10:38:13.230586
paysrv.securecomwireless.com,securecomwireless.com,True,2026-01-14T10:40:11.933731
mirise-inc.jp,mirise-inc.jp,True,2026-01-14T10:39:03.901440
mtham.ucolick.org,ucolick.org,True,2026-01-14T10:40:41.004319
bsartist.com,bsartist.com,True,2026-01-14T10:35:25.941990
live.onlinecamera.net,onlinecamera.net,True,2026-01-14T10:39:47.912203
receiverdemo.citrixworkspacesapi.net,citrixworkspacesapi.net,True,2026-01-14T10:36:32.100903
webcam.sarasotasurf.com,sarasotasurf.com,True,2026-01-14T10:40:10.166005
cocam.carsprogram.org,carsprogram.org,True,2026-01-14T10:35:26.038213
syslinktech.com,syslinktech.com,False,2026-01-14T10:40:23.583924
www.diamondpeak.com,diamondpeak.com,False,2026-01-14T10:37:33.483891
sharkysbeach.com,sharkysbeach.com,False,2026-01-14T10:40:13.487202
s.insta360.com,insta360.com,False,2026-01-14T10:38:22.137924
www2.irm.org,irm.org,False,2026-01-14T10:38:23.398508
www.adaprox.io,adaprox.io,True,2026-01-14T10:30:21.264218
iotas-resident-app-assets.s3-us-west-2.amazonaws.com,amazonaws.com,True,2026-01-14T10:31:21.578777
www.naxi.rs,naxi.rs,False,2026-01-14T10:39:29.830157
www.bigspringrealty.com,bigspringrealty.com,True,2026-01-14T10:34:31.584092
webcam.montafon-nordic.at,montafon-nordic.at,False,2026-01-14T10:39:07.809749
webcam.aui.ma,aui.ma,True,2026-01-14T10:32:11.980460
huodong.m.taobao.com,taobao.com,True,2026-01-14T10:40:34.207503
www.cluetrust.com,cluetrust.com,True,2026-01-14T10:37:15.504099
bodybuilding.migsites.com,migsites.com,False,2026-01-14T10:38:48.151615
www.arn.se,arn.se,True,2026-01-14T10:31:48.042931
srv.mevolife.com,mevolife.com,False,2026-01-14T10:38:47.526919
s53.nysdot.skyvdn.com,skyvdn.com,True,2026-01-14T10:40:13.487315
api-mifit-cn.huami.com,huami.com,True,2026-01-14T10:38:13.230546
portal.risebuildings.com,risebuildings.com,True,2026-01-14T10:40:04.017607
www.oberlech.net,oberlech.net,False,2026-01-14T10:39:43.438838
cdn.whatsupcams.com,whatsupcams.com,False,2026-01-14T10:41:11.518247
www.anchorageweathercam.com,anchorageweathercam.com,True,2026-01-14T10:31:41.673877
shop-fast.ink-bird.net,ink-bird.net,False,2026-01-14T10:38:15.276116
admin.api.mitel.io,mitel.io,False,2026-01-14T10:39:05.063494
1z1-devupgrade.myzmodo.com,myzmodo.com,True,2026-01-14T10:39:17.618582
him.aptwireless.com,aptwireless.com,True,2026-01-14T10:31:41.673975
outback.hodar.com,hodar.com,False,2026-01-14T10:38:12.663878
maps.asfinag.at,asfinag.at,True,2026-01-14T10:31:53.670202
qwear.flzhan.com,flzhan.com,False,2026-01-14T10:37:55.662723
11-appsdiscover.myzmodo.com,myzmodo.com,True,2026-01-14T10:39:17.618582
xwip.cloudsee.net,cloudsee.net,True,2026-01-14T10:36:48.156919
www.adaprox.com.au,adaprox.com.au,False,2026-01-14T10:30:01.499068
camamexagsc.camam.net,camam.net,False,2026-01-14T10:35:26.038149
blog.gitee.com,gitee.com,False,2026-01-14T10:38:03.636349
freeweb.t-2.net,t-2.net,False,2026-01-14T10:40:34.207381
router.api.mitel.io,mitel.io,False,2026-01-14T10:39:05.063494
www.bludenz.at,bludenz.at,True,2026-01-14T10:34:37.858788
api-gps.hismarttv.com,hismarttv.com,False,2026-01-14T10:38:06.568217
oceanmist.ddns.net,ddns.net,True,2026-01-14T10:37:27.618625
ysf.online,ysf.online,False,2026-01-14T10:41:19.440018
www.qu-in.com,qu-in.com,True,2026-01-14T10:40:04.017574
stream.talgov.net,talgov.net,True,2026-01-14T10:40:34.207484
www.qcy.com,qcy.com,False,2026-01-14T10:40:04.017448
howear.iwhop.com,iwhop.com,False,2026-01-14T10:38:25.901145
runawayislandpcb.com,runawayislandpcb.com,False,2026-01-14T10:40:04.550686
authentication.api.mitel.io,mitel.io,False,2026-01-14T10:39:05.063494
www.oceanmist.net,oceanmist.net,False,2026-01-14T10:39:44.216970
onitsurf.com,onitsurf.com,False,2026-01-14T10:39:47.912106
www.eglo.com,eglo.com,False,2026-01-14T10:37:42.798070
webcam.kputel.com,kputel.com,False,2026-01-14T10:38:36.260929
www.spotazores.com,spotazores.com,False,2026-01-14T10:40:22.708190
cookecity.net,cookecity.net,False,2026-01-14T10:37:17.314395
wsidata.weather.com,weather.com,False,2026-01-14T10:41:00.029972
www.christysmotel.com,christysmotel.com,True,2026-01-14T10:36:20.083379
11-appssupport.myzmodo.com,myzmodo.com,True,2026-01-14T10:39:17.618582
dev.risebuildings.com,risebuildings.com,True,2026-01-14T10:40:04.017607
api.appypie.com,appypie.com,True,2026-01-14T10:31:41.673960
mountainvillage.com,mountainvillage.com,False,2026-01-14T10:39:08.768167
bxcap.kodiakitg.com,kodiakitg.com,False,2026-01-14T10:38:35.476718
12-tasksadddev.myzmodo.com,myzmodo.com,True,2026-01-14T10:39:17.618582
petfon-c8e6c.firebaseio.com,firebaseio.com,True,2026-01-14T10:37:54.864929
t0-ecopen.ys7.com,ys7.com,False,2026-01-14T10:41:19.115378
api-watch-staging.huami.com,huami.com,True,2026-01-14T10:38:13.230546
staging5.risebuildings.com,risebuildings.com,True,2026-01-14T10:40:04.017607
workspace-d2972.firebaseio.com,firebaseio.com,True,2026-01-14T10:37:54.864929
www.dornbirn.info,dornbirn.info,False,2026-01-14T10:37:34.827750
legal.mitel.io,mitel.io,False,2026-01-14T10:39:05.063494
ksm.aptwireless.com,aptwireless.com,True,2026-01-14T10:31:41.673975
chocotestservices.megogrid.com,megogrid.com,False,2026-01-14T10:38:46.196538
www.mvol.com,mvol.com,False,2026-01-14T10:39:15.387771
www.schmelzhof.at,schmelzhof.at,False,2026-01-14T10:40:11.006136
www.boedele.at,boedele.at,True,2026-01-14T10:34:44.242493
camamexagcd.camam.net,camam.net,False,2026-01-14T10:35:26.038149
12-alertsmng.myzmodo.com,myzmodo.com,True,2026-01-14T10:39:17.618582
sun.aptwireless.com,aptwireless.com,True,2026-01-14T10:31:41.673975
roomserver-greytest.netease.im,netease.im,True,2026-01-14T10:39:34.640603
jaegerstueble.at,jaegerstueble.at,True,2026-01-14T10:38:25.901249
www.vid.nl,vid.nl,False,2026-01-14T10:40:47.262464
hotel-seerose.dyndns.org,dyndns.org,True,2026-01-14T10:37:34.827837
milescitywalleyes.com,milescitywalleyes.com,False,2026-01-14T10:39:03.901344
matanzas.dyndns.org,dyndns.org,True,2026-01-14T10:37:34.827837
www.pasty.com,pasty.com,False,2026-01-14T10:39:55.229415
www.nationallifegroup.com,nationallifegroup.com,False,2026-01-14T10:39:28.647311
nls-log-gather.aliyuncs.com,aliyuncs.com,True,2026-01-14T10:30:51.200135
www.inchydoneyisland.com,inchydoneyisland.com,False,2026-01-14T10:38:13.971455
help.sap.com,sap.com,True,2026-01-14T10:40:10.165917
developerapp.tuyaus.com,tuyaus.com,False,2026-01-14T10:40:41.004228
www.zimba-brand.at,zimba-brand.at,False,2026-01-14T10:41:20.519505
www.omicronlab.com,omicronlab.com,False,2026-01-14T10:39:47.047998
a0tsz5o56k.execute-api.us-east-1.amazonaws.com,amazonaws.com,True,2026-01-14T10:31:21.578777
www.mevofit.com,mevofit.com,False,2026-01-14T10:38:46.799469
bensweather.com,bensweather.com,True,2026-01-14T10:34:08.471835
cctvvrk.egat.com,egat.com,False,2026-01-14T10:37:35.739822
lemeiot.com,lemeiot.com,False,2026-01-14T10:38:37.247272
www.dahlonegaweather.com,dahlonegaweather.com,False,2026-01-14T10:37:27.618537
11-appaccess.myzmodo.com,myzmodo.com,True,2026-01-14T10:39:17.618582
cards.virgilsecurity.com,virgilsecurity.com,False,2026-01-14T10:40:47.803052
www.fonts2u.com,fonts2u.com,False,2026-01-14T10:37:56.308523
www.westchestergov.com,westchestergov.com,False,2026-01-14T10:41:00.947235
www.lungeninformationsdienst.de,lungeninformationsdienst.de,False,2026-01-14T10:38:38.307141
support.norton.com,norton.com,False,2026-01-14T10:39:36.948973
sfs01-traveler.modot.mo.gov,mo.gov,False,2026-01-14T10:39:06.074104
www.fox13cams.com,fox13cams.com,False,2026-01-14T10:38:01.917639
testlovespouse.zlmicro.com,zlmicro.com,True,2026-01-14T10:41:20.519608
apidynamic.beecloud.cn,beecloud.cn,True,2026-01-14T10:33:18.946160
user.xmission.com,xmission.com,False,2026-01-14T10:41:18.135770
www.bosch-thermotechnology.com,bosch-thermotechnology.com,True,2026-01-14T10:35:25.941883
www.alltravelcams.com,alltravelcams.com,True,2026-01-14T10:31:21.578684
www2.monroecounty.gov,monroecounty.gov,False,2026-01-14T10:39:06.977919
lbg.aptwireless.com,aptwireless.com,True,2026-01-14T10:31:41.673975
hanaleiorganic.homedns.org,homedns.org,False,2026-01-14T10:38:13.230443
cctvp02.freeway.gov.tw,freeway.gov.tw,False,2026-01-14T10:38:02.573887
xwdev1.cloudsee.net,cloudsee.net,True,2026-01-14T10:36:48.156919
www.bbso.njit.edu,njit.edu,False,2026-01-14T10:39:35.591590
www.snoco.org,snoco.org,False,2026-01-14T10:40:15.469995
images.everydayhealth.com,everydayhealth.com,False,2026-01-14T10:37:53.382631
cctvs.freeway.gov.tw,freeway.gov.tw,False,2026-01-14T10:38:02.573887
pfaender.rheintalmeteo.ch,rheintalmeteo.ch,False,2026-01-14T10:40:04.017592
www.mykastle.com,mykastle.com,False,2026-01-14T10:39:16.484101
hartohj.axiscam.net,axiscam.net,True,2026-01-14T10:32:11.980542
www.cyclinganalytics.com,cyclinganalytics.com,False,2026-01-14T10:37:26.938446
www.seestueble-seewaldsee.at,seestueble-seewaldsee.at,False,2026-01-14T10:40:12.651447
dealerapi.securecomwireless.com,securecomwireless.com,True,2026-01-14T10:40:11.933731
www.cheapskatefonts.comcopyright,,False,2026-01-14T10:41:24.703913
publicstreamer4.cotrip.org,cotrip.org,False,2026-01-14T10:37:18.676703
streaminglym3.mdottraffic.com,mdottraffic.com,True,2026-01-14T10:38:45.459212
www.14news.com,14news.com,True,2026-01-14T10:29:38.840825
cloudconnect2.norton.com,norton.com,False,2026-01-14T10:39:36.948973
socalmountains.com,socalmountains.com,False,2026-01-14T10:40:21.201948
fontstruct.commicha,,False,2026-01-14T10:41:24.704179
auth.mitel.io,mitel.io,False,2026-01-14T10:39:05.063494
www.petfon.com,petfon.com,False,2026-01-14T10:39:55.740324
staging8.risebuildings.com,risebuildings.com,True,2026-01-14T10:40:04.017607
webkamera.overtornea.se,overtornea.se,False,2026-01-14T10:39:53.560312
www.secrui.com,secrui.com,False,2026-01-14T10:40:11.933631
maximessai.ml,maximessai.ml,False,2026-01-14T10:38:45.045448
gls4d4c3q9.execute-api.us-east-1.amazonaws.com,amazonaws.com,True,2026-01-14T10:31:21.578777
products.office.com,office.com,False,2026-01-14T10:39:45.869628
ysf.space,ysf.space,False,2026-01-14T10:41:19.815039
tomato.jusonsmart.com,jusonsmart.com,False,2026-01-14T10:38:27.848340
icomon-haoxing.oss-cn-shenzhen.aliyuncs.com,aliyuncs.com,True,2026-01-14T10:30:51.200135
traffic.kctmc.nat.gov.tw,nat.gov.tw,False,2026-01-14T10:39:18.179419
api-project-228894386407.firebaseio.com,firebaseio.com,True,2026-01-14T10:37:54.864929
wlweather.net,wlweather.net,False,2026-01-14T10:41:17.176662
webpubcontent.gray.tv,gray.tv,False,2026-01-14T10:38:04.459440
www.bearcam1.com,bearcam1.com,True,2026-01-14T10:32:40.574750
www.bell.ca,bell.ca,True,2026-01-14T10:33:36.436491
www.cisartrieste.it,cisartrieste.it,True,2026-01-14T10:36:32.100822
www.kingtingtech.com,kingtingtech.com,False,2026-01-14T10:38:34.916495
media.api.mitel.io,mitel.io,False,2026-01-14T10:39:05.063494
www.diedamskopf.at,diedamskopf.at,False,2026-01-14T10:37:34.409271
www.jerris.net,jerris.net,False,2026-01-14T10:38:26.772703
users-auth.huami.com,huami.com,True,2026-01-14T10:38:13.230546
radar.cbslocal.com,cbslocal.com,True,2026-01-14T10:36:05.898434
cdn.file.cloud.ddpai.com,ddpai.com,True,2026-01-14T10:37:27.618635
fpapi2.jusonsmart.com,jusonsmart.com,False,2026-01-14T10:38:27.848340
www.udel.edu,udel.edu,False,2026-01-14T10:40:41.628484
www.tru-scapes.com,tru-scapes.com,False,2026-01-14T10:40:40.373549
www.bearmtn.com,bearmtn.com,True,2026-01-14T10:33:11.301895
www.nativo.net,nativo.net,True,2026-01-14T10:39:28.647422
api.proxy.com,proxy.com,True,2026-01-14T10:40:01.341135
www.moycullenweather.com,moycullenweather.com,False,2026-01-14T10:39:10.026236
cdnhw.data.cloud.ddpai.com,ddpai.com,True,2026-01-14T10:37:27.618635
streamingjxn5.mdottraffic.com,mdottraffic.com,True,2026-01-14T10:38:45.459212
img.snig.info,snig.info,False,2026-01-14T10:40:13.889259
streaminghat1.mdottraffic.com,mdottraffic.com,True,2026-01-14T10:38:45.459212
www.vodek.info,vodek.info,False,2026-01-14T10:40:48.328794
livecam-static.olemiss.edu,olemiss.edu,False,2026-01-14T10:39:46.451850
ocwx.com,ocwx.com,False,2026-01-14T10:39:45.151700
www.caymanchillin.com,caymanchillin.com,True,2026-01-14T10:35:47.298646
mangobike.firebaseio.com,firebaseio.com,True,2026-01-14T10:37:54.864929
d2wse.its.nv.gov,nv.gov,True,2026-01-14T10:39:36.949124
accesstoken.rover.norton.com,norton.com,False,2026-01-14T10:39:36.948973
www.ahajournals.org,ahajournals.org,True,2026-01-14T10:30:51.199987
nomecvb.com,nomecvb.com,False,2026-01-14T10:39:36.287748
56cdb389b57ec.streamlock.net,streamlock.net,True,2026-01-14T10:40:22.708291
www.aerztezeitung.de,aerztezeitung.de,True,2026-01-14T10:30:37.797421
log.concept2.com,concept2.com,False,2026-01-14T10:37:16.546867
webcam.allgaeuer.at,allgaeuer.at,True,2026-01-14T10:31:06.123675
panodata.panomax.com,panomax.com,False,2026-01-14T10:39:54.522063
ipc.eybond.com,eybond.com,False,2026-01-14T10:37:54.864806
mobile.proscenic.tw,proscenic.tw,False,2026-01-14T10:39:56.569902
iowadotsnapshot.us-east-1.skyvdn.com,skyvdn.com,True,2026-01-14T10:40:13.487315
bettinabitschnau.at,bettinabitschnau.at,False,2026-01-14T10:34:08.726695
librarylofts.com,librarylofts.com,False,2026-01-14T10:38:37.771138
dry.aptwireless.com,aptwireless.com,True,2026-01-14T10:31:41.673975
vrijeme.hr,vrijeme.hr,False,2026-01-14T10:40:49.471977
mgchat.megogrid.com,megogrid.com,False,2026-01-14T10:38:46.196538
kozut.mcss.blue,mcss.blue,False,2026-01-14T10:38:45.459113
cdn-shop.adafruit.com,adafruit.com,True,2026-01-14T10:30:00.423778
mfs.ys7.com,ys7.com,False,2026-01-14T10:41:19.115378
snapshots.cotrip.org,cotrip.org,False,2026-01-14T10:37:18.676703
locus.analytics.cloud.com,cloud.com,True,2026-01-14T10:36:48.156807
jhildenbiddle.github.io,github.io,True,2026-01-14T10:38:03.636460
www.sarasotasurf.com,sarasotasurf.com,True,2026-01-14T10:40:10.166005
mangobike.net,mangobike.net,False,2026-01-14T10:38:43.638133
weixin.amazfit.com,amazfit.com,True,2026-01-14T10:31:21.578763
webcam01.ecn.purdue.edu,purdue.edu,False,2026-01-14T10:40:01.913857
www.mynetvue.cn,mynetvue.cn,False,2026-01-14T10:39:17.618441
