rank,hostname,frequency,num_top_apps_using,sample_url,first_app
1,hl.dynalias.com,1,1,http://hl.dynalias.com:8081,com.vslib.cameras.worldwide
2,envisionwellapp.firebaseio.com,1,1,https://envisionwellapp.firebaseio.com,com.envision.well.app
3,dragosfotescu.com,1,1,http://dragosfotescu.com,za.co.co3.techconnect
4,dentair-c76dd.firebaseio.com,1,1,https://dentair-c76dd.firebaseio.com,com.DentAir.smart
5,whitecross-63373.firebaseio.com,1,1,https://whitecross-63373.firebaseio.com,com.geneva.phelp.phelpalwaysthere
6,www.sumava.net,1,1,http://www.sumava.net/cam-mr-2011/sr/,com.vslib.cameras.worldwide
7,d2q7pc2tsddr3l.cloudfront.net,1,1,https://d2q7pc2tsddr3l.cloudfront.net/1108/marker_image-19-81c601d9-1b22-4cc7-9f11-d2537b3195a8,com.fieldbit
8,www.akita-airport.com,1,1,https://www.akita-airport.com,com.vslib.cameras.worldwide
9,statabd.com,1,1,https://statabd.com/about-us/,com.statabd.StataLife
10,schemas.dwf.autodesk.com,1,1,http://schemas.dwf.autodesk.com/dwfx/2006/11,com.sinognss.sm.free
11,37-d4.divas.cloud,1,1,https://37-d4.divas.cloud/CHAN-4132/CHAN-4132_1.stream/playlist.m3u8,com.vslib.cameras.worldwide
12,bjgw.litguardian.com,1,1,http://bjgw.litguardian.com:10100/upload/,com.htstar.euked
13,insecure.parrot.canary.speech.sogou.com,1,1,http://insecure.parrot.canary.speech.sogou.com,com.sogou.recmaster
14,www.ottosolutions.sg,1,1,https://www.ottosolutions.sg/about-us,com.otto.smart
15,www.wetter-sempach.ch,1,1,http://www.wetter-sempach.ch,com.vslib.cameras.worldwide
16,history.openweathermap.org,1,1,http://history.openweathermap.org/data/2.5/history/city?,com.spiio.mobile
17,gratia-home.firebaseio.com,1,1,https://gratia-home.firebaseio.com,com.gratia.home.v2
18,bobot-home.firebaseio.com,1,1,https://bobot-home.firebaseio.com,com.bobot.home
19,lagovida.ak-dyndns.org,1,1,http://lagovida.ak-dyndns.org:81,com.vslib.cameras.worldwide
20,portal.next.sapmobilesecure.com,1,1,https://portal.next.sapmobilesecure.com,com.hoval.connect
21,www.wernerneudeck.de,1,1,http://www.wernerneudeck.de,com.vslib.cameras.worldwide
22,www.diabetesselfmanagement.com,1,1,https://www.diabetesselfmanagement.com/,com.cmedhealth.rgp.user
23,weather.ddsc.org.au,1,1,http://weather.ddsc.org.au,com.vslib.cameras.worldwide
24,media3.tchibo-content.de,1,1,https://media3.tchibo-content.de/newmedia/art_img/MAIN_ALT_HD_2-IMPORTED/bee0f7169b029b33/bluetooth-pulsmessgurt.jpg,com.nsoria.fit
25,rn-smarthome.firebaseio.com,1,1,https://rn-smarthome.firebaseio.com,com.smarthomegoiot
26,www.swapp.com.tr,1,1,https://www.swapp.com.tr/tr/urunler?anahtar=tuya,com.slink.umie
27,shop467646395.m.taobao.com,1,1,https://shop467646395.m.taobao.com,com.frogtosea.smartprint
28,linaco.vn,1,1,https://linaco.vn,com.linaco.bowgroup
29,bousai.city.fukuoka.lg.jp,1,1,http://bousai.city.fukuoka.lg.jp,com.vslib.cameras.worldwide
30,coruscant.ddi.michelin.com,1,1,https://coruscant.ddi.michelin.com/identityprovider/api/identities/,com.michelin.idealdriverpro
31,keeyo-smart-c2e92.firebaseio.com,1,1,https://keeyo-smart-c2e92.firebaseio.com,com.keeyo.smart
32,dinsafer-iget.firebaseio.com,1,1,https://dinsafer-iget.firebaseio.com,com.iget.m4
33,www.airport-dubrovnik.hr,1,1,http://www.airport-dubrovnik.hr,com.vslib.cameras.worldwide
34,portal.devtest.sapmobilesecure.com,1,1,https://portal.devtest.sapmobilesecure.com,com.hoval.connect
35,telemedicainstance.azurewebsites.net,1,1,https://telemedicainstance.azurewebsites.net/api/,pl.medapp.medappekg
36,honestjj.m.tmall.com,1,1,https://honestjj.m.tmall.com/,com.nut.blehunter.imagic
37,storchennest.dyndns.info,1,1,http://storchennest.dyndns.info:4566,com.vslib.cameras.worldwide
38,www.grupobeca.cl,1,1,http://www.grupobeca.cl/espanol/index.html,com.beca.domotikapp
39,www.simple-devices.com,1,1,https://www.simple-devices.com/,com.devices.simple
40,cams.jahorinaprestige.com,1,1,https://cams.jahorinaprestige.com/jahorina/ogorjelica-sestosjed/1920x1080/,com.vslib.cameras.worldwide
41,www.idealo.de,1,1,https://www.idealo.de/preisvergleich/ProductCategory/8638F2512974.html,com.nsoria.fit
42,ekgdev.azurewebsites.net,1,1,https://ekgdev.azurewebsites.net/,pl.medapp.medappekg
43,www.archanaskitchen.com,1,1,https://www.archanaskitchen.com/images/archanaskitchen/10-Brands/DelMonte-KidsRecipes/Spaghetti_Pasta_Recipe_In_Creamy_Tomato_Sauce_-_Kids_Recipes_Made_With_Del_Monte-3.jpg,me.comocomo.nutrino
44,hwk.io,1,1,https://hwk.io,co.speerit.android
45,bayit-home-8f97c.firebaseio.com,1,1,https://bayit-home-8f97c.firebaseio.com,com.bayit.ipc
46,remez-smart-light.firebaseio.com,1,1,https://remez-smart-light.firebaseio.com,com.remezlight.smart
47,westinghousesecurity.zendesk.com,1,1,https://westinghousesecurity.zendesk.com,com.westinghouse.smarthome
48,www.flyejoy.it,1,1,http://www.flyejoy.it/webcam/,com.vslib.cameras.worldwide
49,www.tegeler-segel-club.de,1,1,http://www.tegeler-segel-club.de,com.vslib.cameras.worldwide
50,www.cityofadelaide.com.au,1,1,http://www.cityofadelaide.com.au,com.vslib.cameras.worldwide
51,www.fino3.de,1,1,http://www.fino3.de,com.vslib.cameras.worldwide
52,emarina.dyndns.org,1,1,http://emarina.dyndns.org:8240,com.vslib.cameras.worldwide
53,shop.trycelery.com,1,1,https://shop.trycelery.com/page/anymote,com.remotefairy4
54,www.hdliveplus.com,1,1,http://www.hdliveplus.com,com.mcu.HDLive
55,mzmwireless.ddns.net,1,1,http://mzmwireless.ddns.net/webcam/solar/,com.vslib.cameras.worldwide
56,accesscontrolsolutionsinc.com,1,1,https://accesscontrolsolutionsinc.com/,com.acs.smart
57,dgm-smart.firebaseio.com,1,1,https://dgm-smart.firebaseio.com,com.dgm.smart
58,kamera.sternberk.cz,1,1,http://kamera.sternberk.cz:81,com.vslib.cameras.worldwide
59,us-tsmart-oauth.topband-cloud.com,1,1,https://us-tsmart-oauth.topband-cloud.com,com.yieslife.lighting
60,etigerboxv2.firebaseio.com,1,1,https://etigerboxv2.firebaseio.com,com.captor.smart
61,www.lionsdive.com,1,1,http://www.lionsdive.com/webcam/index_EN.html,com.vslib.cameras.worldwide
62,www.pornoitaliano.it,1,1,http://www.pornoitaliano.it/,com.frogtosea.smartprint
63,smart-connekt.firebaseio.com,1,1,https://smart-connekt.firebaseio.com,com.wificonnekt.smart
64,highwaystrafficcameras.co.uk,1,1,https://highwaystrafficcameras.co.uk,com.vslib.cameras.worldwide
65,ubiquilux.com,1,1,https://ubiquilux.com,com.ubiquilux.app
66,www2.gov.bc.ca,1,1,http://www2.gov.bc.ca,com.vslib.cameras.worldwide
67,ourtop-9e83e.firebaseio.com,1,1,https://ourtop-9e83e.firebaseio.com,com.ourtop.smart
68,media.mammothresorts.com,1,1,http://media.mammothresorts.com/bbmr/snowsummit/cams/,com.vslib.cameras.worldwide
69,api.dwilen.com,1,1,https://api.dwilen.com/,com.michelin.idealdriverpro
70,arivaa-firebase.laxaar.com,1,1,https://arivaa-firebase.laxaar.com/webview.html,com.natgaspurge
71,www.cnhindustrial.com,1,1,http://www.cnhindustrial.com/pages/Privacy_Notice.html?code=,com.iveco.businessup
72,www.dokit.cn,1,1,https://www.dokit.cn,cn.czyugang.ic.aromatherapymanager
73,www.fjallbyn.se,1,1,http://www.fjallbyn.se/images/,com.vslib.cameras.worldwide
74,hausviola.axiscam.net,1,1,http://hausviola.axiscam.net,com.vslib.cameras.worldwide
75,bj-api.speech.sogou.com,1,1,https://bj-api.speech.sogou.com,com.sogou.recmaster
76,iot.iot.a1.by,1,1,https://iot.iot.a1.by,com.a1.smarthome
77,seven-systems.com.ua,1,1,https://seven-systems.com.ua/g82507979-umnyj-dom-seven,com.seven.systems
78,zonder-robo.firebaseio.com,1,1,https://zonder-robo.firebaseio.com,com.random.smart
79,webcamera.hirtshalshavn.dk,1,1,http://webcamera.hirtshalshavn.dk/,com.vslib.cameras.worldwide
80,log.shecarefertility.com,1,1,http://log.shecarefertility.com:8018/logCollection/,com.ikangtai.shecare.global
81,index3.send2boox.com,1,1,http://index3.send2boox.com,com.boox_helper
82,glight.co.nz,1,1,https://glight.co.nz/about-us,com.glight.smart
83,www.lembergahute.lv,1,1,http://www.lembergahute.lv,com.vslib.cameras.worldwide
84,connect.hoval.com,1,1,https://connect.hoval.com,com.hoval.connect
85,montcastor.axiscam.net,1,1,http://montcastor.axiscam.net:9000,com.vslib.cameras.worldwide
86,gateway.getfindster.com,1,1,https://gateway.getfindster.com/,com.getfindster.android.findsterduo
87,ramcommunication.eu.teamwork.com,1,1,https://ramcommunication.eu.teamwork.com/,com.nsoria.fit
88,www.lodweb.com,1,1,http://www.lodweb.com/,com.vslib.cameras.worldwide
89,afiri-745ee.firebaseio.com,1,1,https://afiri-745ee.firebaseio.com,com.mcu.Afiri
90,smartwavecaribbean.com,1,1,https://smartwavecaribbean.com/about-us/,com.smartwave.smart
91,cdn.tnc-foehr.de,1,1,https://cdn.tnc-foehr.de/elmeere/,com.vslib.cameras.worldwide
92,staging24.risebuildings.com,1,1,https://staging24.risebuildings.com/,com.risesoftware.casata
93,kaltmann-master-46426.firebaseio.com,1,1,https://kaltmann-master-46426.firebaseio.com,com.kaltmann.master
94,itb-platinum-70107.firebaseio.com,1,1,https://itb-platinum-70107.firebaseio.com,com.itb.platinum
95,www.iotmsc.cn,1,1,https://www.iotmsc.cn:10080/rest/v1/vantop/lsapp/userdevice,com.ls.arnagar
96,www.linsunsoft.com,1,1,http://www.liNSunsoft.com/,com.boox_helper
97,www.inxni.com,1,1,https://www.inxni.com/appvision/android,com.yujin.icleboghome
98,domotikapp.firebaseio.com,1,1,https://domotikapp.firebaseio.com,com.beca.domotikapp
99,www.aigo.cn,1,1,http://www.aigo.cn,com.allview.allwatchh
100,www.silego.com,1,1,http://www.silego.com/buy/index.php?main_page=product_info,com.arduino.uni.projects.diytutorial
101,www.aukeys.com,1,1,http://www.aukeys.com/,com.aukey.smart
102,content.trafficwise.org,1,1,https://content.trafficwise.org/cctv/,com.vslib.cameras.worldwide
103,www.rayvenlight.com,1,1,https://www.rayvenlight.com/,com.allinone.smartlight
104,giannisbk.ddns.net,1,1,http://giannisbk.ddns.net:8888,com.vslib.cameras.worldwide
105,35-d2.divas.cloud,1,1,https://35-d2.divas.cloud/CHAN-1000/CHAN-1000_1.stream/playlist.m3u8,com.vslib.cameras.worldwide
106,dinsafer-kite.firebaseio.com,1,1,https://dinsafer-kite.firebaseio.com,com.maxxone.kite
107,parmida-4b09d.firebaseio.com,1,1,https://parmida-4b09d.firebaseio.com,com.parmida.smart
108,gethomeflow.com,1,1,https://gethomeflow.com/about-us,com.homeflow.smart
109,communauteassistantdrive.maaf.fr,1,1,http://communauteassistantdrive.maaf.fr,com.michelin.idealdriverpro
110,openauth.camera.thingplus.vn,1,1,https://openauth.camera.thingplus.vn,com.viettel.vthome
111,ringnbring.com,1,1,https://ringnbring.com,com.nvrl8.ringnbringemitter
112,lted-6a21c.firebaseio.com,1,1,https://lted-6a21c.firebaseio.com,com.hismart
113,homelife-8a4eb.firebaseio.com,1,1,https://homelife-8a4eb.firebaseio.com,com.geeklink.store
114,djishopcanada.com,1,1,https://djishopcanada.com/repairs.html,app.sugu
115,innov8maui.com,1,1,http://innov8maui.com/files/Sunfounder37kit/IRrcvr.html,com.arduino.uni.projects.diytutorial
116,app.petkt.com,1,1,https://app.petkt.com/v1/,com.petkit.abroad
117,jpg.nyctmc.org,1,1,https://jpg.nyctmc.org/,com.vslib.cameras.worldwide
118,www.latendatv.it,1,1,http://www.latendatv.it/webcam/FI9901EP_00626E8256D9/snap/,com.vslib.cameras.worldwide
119,api-mycloud.zyxel.com,1,1,https://api-mycloud.zyxel.com/,com.zyxel.securityrouter
120,davidmussio.altervista.org,1,1,http://davidmussio.altervista.org/FI9805W_00626E582930/snap/,com.vslib.cameras.worldwide
121,peertime.oss-cn-shanghai.aliyuncs.com,1,1,https://peertime.oss-cn-shanghai.aliyuncs.com/NoteControlAction/37014/channel_1.json,com.kloudsync.techexcel2
122,www.lsc.com.au,1,1,https://www.lsc.com.au/privacy-policy,com.vigilate.au
123,borgnanometeo.altervista.org,1,1,http://borgnanometeo.altervista.org/fos/,com.vslib.cameras.worldwide
124,www.fora-shop.com,1,1,https://www.fora-shop.com/collections/blood-glucose-meter/products/fora-test-ngo-blood-glucose-meter-bluetooth-1,com.nsoria.fit
125,smart-spec-92805.firebaseio.com,1,1,https://smart-spec-92805.firebaseio.com,com.digitnetng.come
126,link-jump.youku.com,1,1,http://link-jump.youku.com/a/,com.kloudsync.techexcel2
127,www.drrp.pe,1,1,https://www.drrp.pe/acerca,com.drrp.smart
128,appgw.ddpai.com,1,1,http://appgw.ddpai.com:18080,com.cam.fanttik
129,mevofit-fitness-tracker.firebaseio.com,1,1,https://mevofit-fitness-tracker.firebaseio.com,fitness.mevofit.fitnesstracker.bestfitnessbands.fitnesstrackerforwalkingandjogging
130,push.i-media.pro,1,1,https://push.i-media.pro,page.home.welcome.philips
131,www.securuscctv.com,1,1,http://www.securuscctv.com,com.securus.home
132,thewall.tibber.com,1,1,https://thewall.tibber.com/connect/authorize?response_type=token,com.pricetolight
133,move-it.club,1,1,https://move-it.club,com.eggplant.virgo
134,heater-686d3.firebaseio.com,1,1,https://heater-686d3.firebaseio.com,com.herush.herushheater
135,webcam.hzs.be,1,1,http://webcam.hzs.be,com.vslib.cameras.worldwide
136,server.hzxsrobot.com,1,1,http://server.hzxsrobot.com,com.xs.selfiestick
137,cmed.com.bd,1,1,https://cmed.com.bd/,com.cmedhealth.rgp.user
138,www.talesofbalboa.com,1,1,http://www.talesofbalboa.com,com.vslib.cameras.worldwide
139,colonnadecam.wlu.edu,1,1,https://colonnadecam.wlu.edu,com.vision.cameras.us
140,www.papillon.de,1,1,https://www.papillon.de,com.vslib.cameras.worldwide
141,ihas-19299.firebaseio.com,1,1,https://ihas-19299.firebaseio.com,com.ihas.smarthome
142,servicesmaas-dev.ddi.michelin.com,1,1,https://servicesmaas-dev.ddi.michelin.com/smaas-api/,com.michelin.idealdriverpro
143,www.tv2bornholm.dk,1,1,http://www.tv2bornholm.dk,com.vslib.cameras.worldwide
144,avatar.zbjimg.com,1,1,https://avatar.zbjimg.com/005/58/78/200x200_avatar_38.jpg,com.stephen.teleprompter.treasure
145,blendom-223810.firebaseio.com,1,1,https://blendom-223810.firebaseio.com,com.blendom.gv
146,developers.strava.com,1,1,https://developers.strava.com/docs/changelog/,com.nsoria.fit
147,aioe-smart-tuay.firebaseio.com,1,1,https://aioe-smart-tuay.firebaseio.com,com.weili.aioesmart
148,www.openmath.org,1,1,http://www.openmath.org/cd,com.frogtosea.smartprint
149,crestin-a6cb9.firebaseio.com,1,1,https://crestin-a6cb9.firebaseio.com,com.crestin.smart
150,peertime.cn,1,1,https://peertime.cn/live?share=,com.kloudsync.techexcel2
151,www.polar.com,1,1,http://www.polar.com/e_manuals/CS600X/Polar_CS600X_user_manual_English/ch03.html,com.nsoria.fit
152,senseplus-242206.firebaseio.com,1,1,https://senseplus-242206.firebaseio.com,com.maxisense.senseplus
153,atmosync-fe2e9.firebaseio.com,1,1,https://atmosync-fe2e9.firebaseio.com,com.atmosync.smart
154,krew.fit,1,1,https://krew.fit/terms-conditions,fit.krew.android
155,www.portal.rhoen-saale.net,1,1,http://www.portal.rhoen-saale.net,com.vslib.cameras.worldwide
156,9002a93e50a3.dahuaddns.com,1,1,http://9002a93e50a3.dahuaddns.com:9989/onvif/media_service/,com.vslib.cameras.worldwide
157,gateway201.ardich.com,1,1,https://gateway201.ardich.com/services/DmsInformation,com.ardic.android.iotigniteagent
158,portalbert.vic.au,1,1,http://portalbert.vic.au,com.vslib.cameras.worldwide
159,proscenichome-2193b.firebaseio.com,1,1,https://proscenichome-2193b.firebaseio.com,com.proscenic.robot
160,app-api.dribbleup.com.dribbleup.basketball.live,1,1,https://app-api.dribbleup.com.dribbleup.basketball.live,com.dribbleupbasketball
161,www.vestel.com.tr,1,1,https://www.vestel.com.tr,com.sharp.smarthome
162,webcamsallad.com,1,1,http://webcamsallad.com/fagelbro/,com.vslib.cameras.worldwide
163,dinsafer-alphazero.firebaseio.com,1,1,https://dinsafer-alphazero.firebaseio.com,com.alphazero
164,www.dynaweb.cz,1,1,http://www.dynaweb.cz/cam1/,com.vslib.cameras.worldwide
165,www.eikendal.com,1,1,http://www.eikendal.com,com.vslib.cameras.worldwide
166,appapi-test.fufluns.net,1,1,http://appapi-test.fufluns.net:8889,com.kuaima.farm
167,go.dribbleup.com,1,1,https://go.dribbleup.com/help_white_rightShadownloadFile:,com.dribbleupbasketball
168,secureportal.risebuildings.com,1,1,https://secureportal.risebuildings.com/,com.risesoftware.casata
169,isuke.com.cn,1,1,http://isuke.com.cn/disclaimer.html,com.suren.vup
170,streamingjxn8.mdottraffic.com,1,1,https://streamingjxn8.mdottraffic.com/thumbnail?,com.vision.cameras.us
171,el-viking.com,1,1,http://el-viking.com,com.vslib.cameras.worldwide
172,www.poglej.info,1,1,http://www.poglej.info,com.vslib.cameras.worldwide
173,assist.getfindster.com,1,1,https://assist.getfindster.com/v1/,com.getfindster.android.findsterduo
174,www.envision2bwell.io,1,1,https://www.envision2bwell.io/,com.envision.well.app
175,www.cloverlandmotorsports.com,1,1,http://www.cloverlandmotorsports.com,com.vslib.cameras.worldwide
176,s2.ozarkstrafficoneview.com,1,1,https://s2.ozarkstrafficoneview.com/rtplive/CAM01/playlist.m3u8,com.vision.cameras.us
177,geo.gootax.pro,1,1,https://geo.gootax.pro/v1/autocomplete/,com.kiwitaxi.driver
178,fisher-001.firebaseio.com,1,1,https://fisher-001.firebaseio.com,com.cloud.viewer
179,tru-scapes.firebaseio.com,1,1,https://tru-scapes.firebaseio.com,com.app.Truscapes
180,stage.kruzr.io,1,1,https://stage.kruzr.io/,co.sava.vozim.drive
181,www.aseptik.com,1,1,http://www.aseptik.com,com.vslib.cameras.worldwide
182,kgw-lh.akamaihd.net,1,1,https://kgw-lh.akamaihd.net/i/KGWWXCAM9_1,com.vision.cameras.us
183,pluto6.cybex.gr,1,1,https://pluto6.cybex.gr/hls/mc10276165972699656.m3u8,com.vslib.cameras.worldwide
184,www.iossc.org.uk,1,1,http://www.iossc.org.uk,com.vslib.cameras.worldwide
185,en.alphahom.com,1,1,https://en.alphahom.com/pages/service-agreement,com.alphahom.helio
186,www.bocasurfcam.com,1,1,http://www.bocasurfcam.com,com.vision.cameras.us
187,www.yankeecandle.com,1,1,https://www.yankeecandle.com/chesapeakebaycandle,com.eodiffuser.smart
188,aj-smart-life-35762.firebaseio.com,1,1,https://aj-smart-life-35762.firebaseio.com,com.AJ.Smartlife
189,weisheit-72207.firebaseio.com,1,1,https://weisheit-72207.firebaseio.com,com.weisheit.smart
190,circle.huami.com,1,1,https://circle.huami.com/index.html,com.huami.hearingaids
191,okplife.firebaseio.com,1,1,https://okplife.firebaseio.com,com.okp.okplife
192,api-doctor-cn.huami.com,1,1,https://api-doctor-cn.huami.com,com.huami.hearingaids
193,krvavice.dyndns.info,1,1,http://krvavice.dyndns.info,com.vslib.cameras.worldwide
194,e-comvnapi.staging.hilife.sg,1,1,http://e-comvnapi.staging.hilife.sg/v2/,com.vietnam.hilife
195,api-pre.labelmaster.qu-in.com,1,1,https://api-pre.labelmaster.qu-in.com,com.project.aimotech.phomemom110
196,www.ystad.se,1,1,https://www.ystad.se/upload/webbkamera/,com.vslib.cameras.worldwide
197,carintartinstance.azurewebsites.net,1,1,https://carintartinstance.azurewebsites.net/api/,pl.medapp.medappekg
198,www.smart-da.com,1,1,http://www.smart-da.com,com.ls.arnagar
199,montraker.hr,1,1,http://montraker.hr,com.vslib.cameras.worldwide
200,luxram.firebaseio.com,1,1,https://luxram.firebaseio.com,com.luxram.smart
201,hal.securecomwireless.com,1,1,https://hal.securecomwireless.com,com.dmp.android.ads
202,innohome-smartswitch.firebaseio.com,1,1,https://innohome-smartswitch.firebaseio.com,com.innohome.smart
203,api-staging.amazfit.com,1,1,https://api-staging.amazfit.com,com.huami.hearingaids
204,wellnessappapi.azurewebsites.net,1,1,https://wellnessappapi.azurewebsites.net/api,com.envision.well.app
205,nordval.eu,1,1,https://nordval.eu/about-TS/,com.nordval_TS_001_android
206,opencart.frenchbeauty.me,1,1,https://opencart.frenchbeauty.me/,page.home.welcome.philips
207,rural-gp-prod.cmedhealth.com,1,1,https://rural-gp-prod.cmedhealth.com/,com.cmedhealth.rgp.user
208,alphasmartware.de,1,1,https://alphasmartware.de/downloads/2,de.wesmartify.mywesmartify
209,seikei.sixpadapp.jp,1,1,https://seikei.sixpadapp.jp,jp.gr.mtg.sixpad.app
210,newtrino-4b738.firebaseio.com,1,1,https://newtrino-4b738.firebaseio.com,me.comocomo.nutrino
211,meteotop.myhostpoint.ch,1,1,http://meteotop.myhostpoint.ch/webcam/,com.vslib.cameras.worldwide
212,atmosc-20b3b.firebaseio.com,1,1,https://atmosc-20b3b.firebaseio.com,com.atmoscpurifier.smart
213,www.dhmz.htnet.hr,1,1,http://www.dhmz.htnet.hr,com.vslib.cameras.worldwide
214,staging17.risebuildings.com,1,1,https://staging17.risebuildings.com/,com.risesoftware.casata
215,www.dailybusinessup.iveco.de,1,1,http://www.dailybusinessup.iveco.de/,com.iveco.businessup
216,claudia.abril.com.br,1,1,https://claudia.abril.com.br/wp-content/uploads/2018/07/erick_jacquin.jpg,com.waas.watch.newapp
217,milfra-smart-f9e83.firebaseio.com,1,1,https://milfra-smart-f9e83.firebaseio.com,com.hidin
218,heissner-smartgarden.firebaseio.com,1,1,https://heissner-smartgarden.firebaseio.com,com.heissner.garden
219,a2.tuyacn.com,1,1,https://a2.tuyacn.com:443/d.json,com.security.SwaiotTV
220,app-h5.yolanda.hk,1,1,https://app-h5.yolanda.hk/h5-business-demo/eight_electrodes_report.html?measureData=,com.eggplant.virgo
221,hi-connect.shop,1,1,https://hi-connect.shop/,com.natives.smart
222,nvrl8.com,1,1,http://nvrl8.com/ringnbring/redirect.html,com.nvrl8.ringnbringemitter
223,www.meteocomino.it,1,1,http://www.meteocomino.it/atinacam/,com.vslib.cameras.worldwide
224,cloud.isimsonline.com,1,1,https://cloud.isimsonline.com/pristine/,com.ilmasoft.ParentPRN
225,onlinetts.speech.sogou.com,1,1,http://onlinetts.speech.sogou.com/index.tts?,com.sogou.recmaster
226,www.lnigrado.it,1,1,http://www.lnigrado.it/webcam/marina1_6/,com.vslib.cameras.worldwide
227,mauieldorado.net,1,1,http://mauieldorado.net/Page/25768,com.vision.cameras.us
228,smib-d1706.firebaseio.com,1,1,https://smib-d1706.firebaseio.com,com.smart.ib
229,surveymaster.kaini.me,1,1,http://surveymaster.kaini.me:9105/admin/app_az/checkVersion?,com.sinognss.sm.free
230,www.hoval.com,1,1,https://www.hoval.com/connectfaq,com.hoval.connect
231,www.nsk.hr,1,1,http://www.nsk.hr,com.vslib.cameras.worldwide
232,shophis-demo.imweb.me,1,1,https://shophis-demo.imweb.me/,com.nlln
233,bmmiddenbaannoordtorencam.axiscam.net,1,1,http://bmmiddenbaannoordtorencam.axiscam.net:3302,com.vslib.cameras.worldwide
234,netmostat-83f8e.firebaseio.com,1,1,https://netmostat-83f8e.firebaseio.com,com.netmostat.smart
235,pic28.photophoto.cn,1,1,http://pic28.photophoto.cn/20130827/0005018362405048_b.jpg,com.kamoer.aquarium2
236,lejoy-home.firebaseio.com,1,1,https://lejoy-home.firebaseio.com,com.lejoy.home
237,airtake-private-data.oss.aliyuncs.com,1,1,http://airtake-private-data.oss.aliyuncs.com/smart/package/19/html/1481944974_privacy_cn.html?OSSAccessKeyId=rFWioexrGCP3NIlx,com.vibrosaver.vibrosaver
238,www.iabode.in,1,1,https://www.iabode.in/about-us/,com.iabode.app
239,fusquareserver.cloud-building.site,1,1,http://fusquareserver.cloud-building.site:3000,com.fu.square
240,i.hik-connect.com,1,1,https://i.hik-connect.com,com.mcu.Nexx
241,c.tb.cn,1,1,http://c.tb.cn/c.ZAuYrc,com.arashivision.insta360one2
242,inlaid-stratum-274403.firebaseio.com,1,1,https://inlaid-stratum-274403.firebaseio.com,com.lci.fot
243,true-tech-859e0.firebaseio.com,1,1,https://true-tech-859e0.firebaseio.com,com.truetech.smart
244,sctapi.ftqq.com,1,1,https://sctapi.ftqq.com/SCT38448T4tmnsa0yYJXHajCstpeiXeN7.send,com.chiyang.fragrance
245,streamingjxn2.mdottraffic.com,1,1,https://streamingjxn2.mdottraffic.com/,com.vslib.cameras.worldwide
246,nishica-d64b1.firebaseio.com,1,1,https://nishica-d64b1.firebaseio.com,com.nishica.smart
247,automatizate-bb8e6.firebaseio.com,1,1,https://automatizate-bb8e6.firebaseio.com,automatizate.spa
248,www.norberg.se,1,1,http://www.norberg.se/webdav/files/Webbkamera/,com.vslib.cameras.worldwide
249,se.afanti100.com,1,1,http://se.afanti100.com/image_search/submit_image_and_get_multi_result_co/,com.frogtosea.smartprint
250,doraemon.xiaojukeji.com,1,1,https://doraemon.xiaojukeji.com/uploadAppData,cn.czyugang.ic.aromatherapymanager
251,projectgus.github.io,1,1,https://projectgus.github.io/hairless-midiserial/,com.arduino.uni.projects.diytutorial
252,www.karpacz24.pl,1,1,http://www.karpacz24.pl,com.vslib.cameras.worldwide
253,www.hotel-kriemhild.de,1,1,http://www.hotel-kriemhild.de,com.vslib.cameras.worldwide
254,www.istramet.com,1,1,http://www.istramet.com,com.vslib.cameras.worldwide
255,www.meteomasarlada.altervista.org,1,1,http://www.meteomasarlada.altervista.org/_altervista_ht/,com.vslib.cameras.worldwide
256,www.gov.gs,1,1,http://www.gov.gs,com.vslib.cameras.worldwide
257,www-n.oca.eu,1,1,https://www-n.oca.eu,com.vslib.cameras.worldwide
258,myndavel.hve.is,1,1,http://myndavel.hve.is,com.vslib.cameras.worldwide
259,medapp-ekg-lite.firebaseio.com,1,1,https://medapp-ekg-lite.firebaseio.com,pl.medapp.medappekg
260,kappruet.se,1,1,http://kappruet.se/wp-content/uploads/webcam/slao/,com.vslib.cameras.worldwide
261,homni-49f7d.firebaseio.com,1,1,https://homni-49f7d.firebaseio.com,com.homni.smart
262,iamarey.com,1,1,https://iamarey.com/pages/about-us/,com.amarey
263,gia-smart.firebaseio.com,1,1,https://gia-smart.firebaseio.com,com.gia.smart
264,engcams00.ucmerced.edu,1,1,http://engcams00.ucmerced.edu,com.vslib.cameras.worldwide
265,d2sy9171r52ehk.cloudfront.net,1,1,https://d2sy9171r52ehk.cloudfront.net/,com.deepblu.android.deepblu
266,netmostat.com,1,1,https://netmostat.com/,com.netmostat.smart
267,www.kamoer.net,1,1,http://www.kamoer.net/index.php?lang=en,com.kamoer.aquarium2
268,probothome.firebaseio.com,1,1,https://probothome.firebaseio.com,com.Probot.Home
269,jdee-dl.uarhelp.com,1,1,https://jdee-dl.uarhelp.com/axis-cgi/jpg/image.cgi?,com.vision.cameras.us
270,www.cotillosunshine.com,1,1,https://www.cotillosunshine.com,com.vslib.cameras.worldwide
271,qbm-images.oss-cn-hangzhou.aliyuncs.com,1,1,http://qbm-images.oss-cn-hangzhou.aliyuncs.com/QBM/2015/3/20/1573814479667200/1573814486106112/STEM/979ff6d46c1a4189888744704279174e.png,com.frogtosea.smartprint
272,ukhaalag-1309f.firebaseio.com,1,1,https://ukhaalag-1309f.firebaseio.com,com.ukhaalag.com
273,www.fiq.unl.edu.ar,1,1,http://www.fiq.unl.edu.ar,com.vslib.cameras.worldwide
274,www.iv3ajbmeteo.it,1,1,http://www.iv3ajbmeteo.it,com.vslib.cameras.worldwide
275,ekgserverui.azurewebsites.net,1,1,https://ekgserverui.azurewebsites.net/privacypolicy,pl.medapp.medappekg
276,oauth.iot.a1.by,1,1,https://oauth.iot.a1.by,com.a1.smarthome
277,weissensee3.it-wms.com,1,1,https://weissensee3.it-wms.com/,com.vslib.cameras.worldwide
278,d2ibuwi329suci.cloudfront.net,1,1,https://d2ibuwi329suci.cloudfront.net/,com.coralinnovation.allsmarthome
279,www.zehus.it,1,1,http://www.zehus.it/,it.zehus.bitride
280,render.yunfengdie.cn,1,1,https://render.yunfengdie.cn/p/q/k9mixhbp/tts.html,rocket.vehiclemgr.android.obd2.google
281,exitiumonline.com,1,1,http://exitiumonline.com,za.co.co3.techconnect
282,helio-smart-nova.firebaseio.com,1,1,https://helio-smart-nova.firebaseio.com,com.dinsafer.novaproplus
283,altec-shsm.firebaseio.com,1,1,https://altec-shsm.firebaseio.com,com.altec.shsm
284,gialova.meteoclub.gr,1,1,http://gialova.meteoclub.gr,com.vslib.cameras.worldwide
285,www.pet-come.com,1,1,http://www.pet-come.com/,com.petcome.smart
286,www.wyfy.sg,1,1,https://www.wyfy.sg/aboutus,com.wyfy.iot
287,nordval-ts.firebaseio.com,1,1,https://nordval-ts.firebaseio.com,com.nordval_TS_001_android
288,www.faehre.de,1,1,http://www.faehre.de/fileadmin/content/img/webcam/,com.vslib.cameras.worldwide
289,www.comhouseapp.com,1,1,http://www.comhouseapp.com/private,com.gcs.comhouse
290,xunfei.znkit.com,1,1,http://xunfei.znkit.com/api/app/api/,com.znkit.smart.geneverse
291,fofu-219903.firebaseio.com,1,1,https://fofu-219903.firebaseio.com,fofu.com.cn
292,www.todaysplan.de,1,1,http://www.todaysplan.de/,com.nsoria.fit
293,dibea-f6a98.firebaseio.com,1,2,https://dibea-f6a98.firebaseio.com,com.dibea.app
294,skygenius.firebaseio.com,1,1,https://skygenius.firebaseio.com,com.skygenius.smart
295,mycloud-sso.zyxel.com,1,1,https://mycloud-sso.zyxel.com/,com.zyxel.securityrouter
296,www.bodum.com,1,1,https://www.bodum.com/gb/en/history,com.bodum.life
297,api-test.labelmaster.qu-in.com,1,1,https://api-test.labelmaster.qu-in.com,com.project.aimotech.phomemom110
298,omniacontrol-fa9df.firebaseio.com,1,1,https://omniacontrol-fa9df.firebaseio.com,com.omnia.iot
299,longsun-smart.firebaseio.com,1,1,https://longsun-smart.firebaseio.com,com.longsun.smart
300,academy.deepblu.com,1,1,https://academy.deepblu.com/,com.deepblu.android.deepblu
301,cleverlife-home-23a7d.firebaseio.com,1,1,https://cleverlife-home-23a7d.firebaseio.com,com.cleverlife.app
302,nsoria.io,1,1,http://nsoria.io/api/bremen.map.torrent,com.nsoria.fit
303,qt-app-a394f.firebaseio.com,1,1,https://qt-app-a394f.firebaseio.com,com.qtsmart.link
304,shopitec.ro,1,1,https://shopitec.ro,com.shopitec.ro
305,www.dailybusinessup.iveco.com,1,1,http://www.dailybusinessup.iveco.com,com.iveco.businessup
306,webkamera.karlshamn.se,1,1,http://webkamera.karlshamn.se/,com.vslib.cameras.worldwide
307,yukata-suites.firebaseio.com,1,1,https://yukata-suites.firebaseio.com,com.yukata.smart
308,wzmedia.dot.ca.gov,1,1,https://wzmedia.dot.ca.gov/D10/ALA_EB205_Jct580.stream/playlist.m3u8,com.vslib.cameras.worldwide
309,trustedmessaging.arcsp.ardic.com,1,1,http://trustedmessaging.arcsp.ardic.com,com.ardic.android.iotigniteagent
310,manage.isuke.com.cn,1,1,https://manage.isuke.com.cn/report.html,com.suren.vup
311,help.techexcel.com,1,1,https://help.techexcel.com/knowledgewise/DownloadFile.aspx?exwtqxqxewiuexwyetr,com.kloudsync.techexcel2
312,ailaike.zlmicro.com,1,1,https://ailaike.zlmicro.com,com.maxhom.vlike
313,www.tomstrailreport.com,1,1,https://www.tomstrailreport.com,com.vision.cameras.us
314,www.vejdirektoratet.dk,1,1,http://www.vejdirektoratet.dk,com.vslib.cameras.worldwide
315,en-us.fluke.com,1,1,http://en-us.fluke.com/training/training-library/test-tools/digital-multimeters/how-to-test-for-continuity-with-a-digital-multimeter.html,com.arduino.uni.projects.diytutorial
316,58481b709ae2e.streamlock.net,1,1,https://58481b709ae2e.streamlock.net/kiteboardingclub-rtplive/_definst_/mp4:camera1.stream/playlist.m3u8?,com.vslib.cameras.worldwide
317,pluto13.cybex.gr,1,1,https://pluto13.cybex.gr/hls/mc110276165972699656.m3u8,com.vslib.cameras.worldwide
318,smart-inverter-f7952.firebaseio.com,1,1,https://smart-inverter-f7952.firebaseio.com,com.smartinverter.smart
319,kamera.mora.se,1,1,http://kamera.mora.se/ramdisk/,com.vslib.cameras.worldwide
320,www.drogeriebrettschneider.de,1,1,http://www.drogeriebrettschneider.de,com.vslib.cameras.worldwide
321,virtualkeypadx1app.dmp.support,1,1,https://virtualkeypadx1app.dmp.support/,com.dmp.android.ads
322,www.albergobellavista.com,1,1,http://www.albergobellavista.com/,com.vslib.cameras.worldwide
323,www.ovsprivado.una.ac.cr,1,1,http://www.ovsprivado.una.ac.cr/images/stories/liveturrialba/,com.vslib.cameras.worldwide
324,www.bohinj-park-hotel.si,1,1,http://www.bohinj-park-hotel.si,com.vslib.cameras.worldwide
325,b.tile.openstreetmap.se,1,1,http://b.tile.openstreetmap.se/hydda/full/,com.spectalabs.pathmile
326,camera.cretaweather.gr,1,1,https://camera.cretaweather.gr,com.vslib.cameras.worldwide
327,stravon.gr,1,1,https://stravon.gr/meteocams/,com.vslib.cameras.worldwide
328,webcam.dietfurt.de,1,1,http://webcam.dietfurt.de,com.vslib.cameras.worldwide
329,huami.feishu.cn,1,1,https://huami.feishu.cn/wiki/wikcnvEShjYKVlnnrgZ8SYgKuSd,com.huami.hearingaids
330,hovaldeskui-tsfg8qo2wm.dispatcher.hana.ondemand.com,1,1,https://hovaldeskui-tsfg8qo2wm.dispatcher.hana.ondemand.com,com.hoval.connect
331,kopingsvik.se,1,1,http://kopingsvik.se/webcam/,com.vslib.cameras.worldwide
332,my-jethome.firebaseio.com,1,1,https://my-jethome.firebaseio.com,com.elegion.jet.home
333,mirrors.163.com,1,1,http://mirrors.163.com/debian/ls-lR.gz,com.cam.fanttik
334,stream.uzivobeograd.rs,1,1,https://stream.uzivobeograd.rs/live/,com.vslib.cameras.worldwide
335,push-us.jovcloud.com,1,1,http://push-us.jovcloud.com:6798/pub/jpush_servers,com.jovetech.cloudsee2.international2
336,www.spider.li,1,1,http://www.spider.li,com.vslib.cameras.worldwide
337,account-staging.huami.cn,1,1,https://account-staging.huami.cn/,com.huami.hearingaids
338,www.webcamsdemexico.com,1,1,http://www.webcamsdemexico.com,com.vslib.cameras.worldwide
339,www.511mt.net,1,1,https://www.511mt.net,com.vision.cameras.us
340,ilfa-smart.firebaseio.com,1,1,https://ilfa-smart.firebaseio.com,com.alpha.smart
341,www.schwalbe.com,1,1,http://www.schwalbe.com/en/catalogesflyer.html?file=files/schwalbe/userupload/PDF/Kataloge/2015/TechInfo-2015_GB.pdf,com.nsoria.fit
342,www.sunhill-residence.de,1,1,http://www.sunhill-residence.de,com.vslib.cameras.worldwide
343,www.istraweb.net,1,1,http://www.istraweb.net,com.vslib.cameras.worldwide
344,68rchhh4qc.execute-api.ap-southeast-1.amazonaws.com,1,1,https://68rchhh4qc.execute-api.ap-southeast-1.amazonaws.com/prod,com.bluguard.smarthome
345,illumismart-67cf6.firebaseio.com,1,1,https://illumismart-67cf6.firebaseio.com,com.illumi.smart
346,arresoe-weather.dk,1,1,http://arresoe-weather.dk,com.vslib.cameras.worldwide
347,easynpro.firebaseio.com,1,1,https://easynpro.firebaseio.com,com.easyntu.ipc
348,www.berger-beton.de,1,1,http://www.berger-beton.de/webcam/,com.vslib.cameras.worldwide
349,www.vitebsk.customs.gov.by,1,1,http://www.vitebsk.customs.gov.by/webcam/,com.vslib.cameras.worldwide
350,chome-243608.firebaseio.com,1,1,https://chome-243608.firebaseio.com,com.classic.smart
351,my.smp.server,1,1,https://my.smp.server:8081/sap/bc/ui5_ui5/ui2/ushell/shells/abap/FioriLaunchpad.html,com.hoval.connect
352,curv-smart-3698b.firebaseio.com,1,1,https://curv-smart-3698b.firebaseio.com,com.curv.smart
353,webcam.svorka.net,1,1,http://webcam.svorka.net,com.vslib.cameras.worldwide
354,webcam10.deg.net,1,1,http://webcam10.deg.net:8888/jpg/,com.vslib.cameras.worldwide
355,du-basketball-app.firebaseio.com,1,1,https://du-basketball-app.firebaseio.com,com.dribbleupbasketball
356,semantictest.speech.sogou.com,1,1,http://semantictest.speech.sogou.com,com.sogou.recmaster
357,mapup.ctfrank.com,1,1,http://mapup.ctfrank.com/api/ReverseGeocoding/get?key=iRW1Xzi138LQRZ2vXpMWmqYJKVUh84d6,com.yunniu.yn_isonic_smart_home
358,nws-foehr.de,1,1,https://nws-foehr.de/webcam/,com.vslib.cameras.worldwide
359,iot-prod-config.s3.eu-central-1.amazonaws.com,1,1,https://iot-prod-config.s3.eu-central-1.amazonaws.com/v1.json,de.wesmartify.mywesmartify
360,alpha1-home1.firebaseio.com,1,1,https://alpha1-home1.firebaseio.com,com.home.alpha1
361,oauth.perenio.com,1,1,https://oauth.perenio.com,com.a1.smarthome
362,api.megvii.com,1,1,https://api.megvii.com/megviicloud/v1/sdk/auth,com.arashivision.insta360one2
363,meteodheure.net,1,1,http://meteodheure.net,com.vslib.cameras.worldwide
364,admin.ryte.hn,1,1,https://admin.ryte.hn/index.php?/utilities/getDescription/13/es,com.ryte.partner
365,saas.shecarefertility.com,1,1,https://saas.shecarefertility.com/,com.ikangtai.shecare.global
366,www.jwaq.net,1,1,http://www.jwaq.net/shime/c101/wide/,com.vslib.cameras.worldwide
367,mediacp.alphastream.eu,1,1,https://mediacp.alphastream.eu:443/agiosnikolaos/index.m3u8,com.vslib.cameras.worldwide
368,comfortlife.net.cn,1,1,https://comfortlife.net.cn,page.home.welcome.philips
369,www.st-sangyo.co.jp,1,1,http://www.st-sangyo.co.jp,com.Petwant.www.instachewN
370,s09.vista-live.it,1,1,https://s09.vista-live.it/hls/live.stream.m3u8,com.vslib.cameras.worldwide
371,debugcar.geekobd.com,1,1,http://debugcar.geekobd.com/api,rocket.vehiclemgr.android.obd2.google
372,swisstone-sh-29ba5.firebaseio.com,1,1,https://swisstone-sh-29ba5.firebaseio.com,com.swisstonesmart.home
373,api.ohgo.com,1,1,https://api.ohgo.com/images/trimarc/,com.vslib.cameras.worldwide
374,linksio0226.firebaseio.com,1,1,https://linksio0226.firebaseio.com,com.limage.smart
375,bdcmobil.zendesk.com,1,1,https://bdcmobil.zendesk.com,com.michelin.idealdriverpro
376,www.webcam.feldbach.org,1,1,https://www.webcam.feldbach.org/,com.vslib.cameras.worldwide
377,www.romaniaturistica.ro,1,1,http://www.romaniaturistica.ro,com.vslib.cameras.worldwide
378,ld-sts.oss-cn-beijing.aliyuncs.com,1,1,https://ld-sts.oss-cn-beijing.aliyuncs.com/common/protocol/protocol.json,com.orvibo.yidongthree
379,seven-home.firebaseio.com,1,1,https://seven-home.firebaseio.com,com.seven.systems
380,www.mediamaint.it,1,1,http://www.mediamaint.it/webcambarrea/,com.vslib.cameras.worldwide
381,www.libertas.sm,1,1,http://www.libertas.sm,com.vslib.cameras.worldwide
382,simple-240815.firebaseio.com,1,1,https://simple-240815.firebaseio.com,com.devices.simple
383,www.texascitytx.gov,1,1,http://www.texascitytx.gov,com.vision.cameras.us
384,api.zk.czyugang.com,1,1,https://api.zk.czyugang.com,cn.czyugang.ic.aromatherapymanager
385,amenazas.sgc.gov.co,1,1,http://amenazas.sgc.gov.co,com.vslib.cameras.worldwide
386,iotstatic.lenovo.com.cn,1,1,https://iotstatic.lenovo.com.cn/appprivacy/201117LenovoSmartAppv2.html,com.lenovo.overseas
387,pt.techexcel.com,1,1,https://pt.techexcel.com/scripts/texcel/customerwise/TxSwDownload/e2f3020fe2f302dce2f302dce2f308a1/William%27s,com.kloudsync.techexcel2
388,www.comune.arenzano.ge.it,1,1,http://www.comune.arenzano.ge.it/uploads/images/webcam/,com.vslib.cameras.worldwide
389,errs2.jkgeek.com,1,1,http://errs2.jkgeek.com:8088/ErrCollection/server.php,com.Petwant.www.instachewN
390,open-api.flyme.cn,1,1,https://open-api.flyme.cn/oauth/authorize,com.sogou.recmaster
391,magik-cnnect.firebaseio.com,1,1,https://magik-cnnect.firebaseio.com,com.centuryled.smartlight
392,25saints.com,1,1,https://25saints.com/store,com.twentyfive.saints
393,webcam.wilhelma.de,1,1,http://webcam.wilhelma.de,com.vslib.cameras.worldwide
394,dexel-lite-fb5f9.firebaseio.com,1,1,https://dexel-lite-fb5f9.firebaseio.com,com.dexel.lite
395,us-central1-perenio-iot.cloudfunctions.net,1,1,https://us-central1-perenio-iot.cloudfunctions.net/getTimezones,com.a1.smarthome
396,devzone.iot-ignite.com,1,1,http://devzone.iot-ignite.com/terms-of-use/,com.ardic.android.iotigniteagent
397,elecwish-214b7.firebaseio.com,1,1,https://elecwish-214b7.firebaseio.com,com.elecwish.smart
398,www.swisstone.de,1,1,https://www.swisstone.de,com.swisstonesmart.home
399,www.bobrowniki.tv,1,1,http://www.bobrowniki.tv,com.vslib.cameras.worldwide
400,mall.senhome.com.cn,1,1,https://mall.senhome.com.cn,com.sensology.all
401,carapi.ryte.hn,1,1,https://carapi.ryte.hn/carApi/web/,com.ryte.partner
402,api.pet-come.com,1,1,http://api.pet-come.com/,com.petcome.smart
403,www.unikai.de,1,1,http://www.unikai.de,com.vslib.cameras.worldwide
404,links.kumulos.com,1,1,https://links.kumulos.com,com.chaltec.blumfeldtprn
405,steamboatweather.com,1,1,http://steamboatweather.com/webcam/,com.vslib.cameras.worldwide
406,solar-aircon.firebaseio.com,1,1,https://solar-aircon.firebaseio.com,com.solar.airconditioner
407,www.isaberg.com,1,1,http://www.isaberg.com/webcam/,com.vslib.cameras.worldwide
408,ltalk.speech.sogou.com,1,1,http://ltalk.speech.sogou.com/index.lt,com.sogou.recmaster
409,crm.kumulos.com,1,1,https://crm.kumulos.com,com.chaltec.blumfeldtprn
410,www.rhoenline.de,1,1,http://www.rhoenline.de,com.vslib.cameras.worldwide
411,du-app-server-bucket.s3.amazonaws.com,1,1,https://du-app-server-bucket.s3.amazonaws.com/static/channel-images/dribbleup_wordmark.png,com.dribbleupbasketball
412,www.fjallbacka.com,1,1,http://www.fjallbacka.com/,com.vslib.cameras.worldwide
413,mcleansfs3.us-east-1.skyvdn.com,1,1,http://mcleansfs3.us-east-1.skyvdn.com:1935/rtplive/R1_030/playlist.m3u8,com.vslib.cameras.worldwide
414,home-comfort.firebaseio.com,1,1,https://home-comfort.firebaseio.com,com.comfort.smart
415,cams.is74.ru,1,1,https://cams.is74.ru/snapshots/,com.vslib.cameras.worldwide
416,updateservice.arcsp.ardic.com,1,1,http://updateservice.arcsp.ardic.com,com.ardic.android.iotigniteagent
417,nsoria.com,1,1,http://nsoria.com/deezer/oauth2,com.nsoria.fit
418,rise-living.firebaseio.com,1,1,https://rise-living.firebaseio.com,com.risesoftware.amProperties
419,www.bas.ac.uk,1,1,https://www.bas.ac.uk,com.vslib.cameras.worldwide
420,herningweather.dk,1,1,http://herningweather.dk,com.vslib.cameras.worldwide
421,www.qv99.com,1,1,http://www.qv99.com/bearcam/,com.vision.cameras.us
422,pickdeli.net,1,1,http://pickdeli.net/,com.pickdeli.provider
423,electronicshobbyists.com,1,1,http://electronicshobbyists.com/,com.arduino.uni.projects.diytutorial
424,tuyaozwi.firebaseio.com,1,1,https://tuyaozwi.firebaseio.com,com.ati.ozwi
425,www.elbwetter.de,1,1,http://www.elbwetter.de,com.vslib.cameras.worldwide
426,maps.nittec.org,1,1,http://maps.nittec.org/liveimages/,com.vslib.cameras.worldwide
427,mysmarthome-voice.firebaseio.com,1,1,https://mysmarthome-voice.firebaseio.com,com.mysmarthome.hauppauge
428,index4.send2boox.com,1,1,http://index4.send2boox.com,com.boox_helper
429,westinghouse-android.firebaseio.com,1,1,https://westinghouse-android.firebaseio.com,com.westinghouse.smarthome
430,ping.anymote.io,1,1,https://ping.anymote.io/analytics/add.php,com.remotefairy4
431,www.ras.bz.it,1,1,http://www.ras.bz.it,com.vslib.cameras.worldwide
432,dronecentre-e5023.firebaseio.com,1,1,https://dronecentre-e5023.firebaseio.com,app.sugu
433,cross-smart.firebaseio.com,1,1,https://cross-smart.firebaseio.com,com.csmart.app
434,life-in-sync.firebaseio.com,1,1,https://life-in-sync.firebaseio.com,com.euri.lis
435,www.skijalistasrbije.rs,1,1,http://www.skijalistasrbije.rs,com.vslib.cameras.worldwide
436,lewozhihui.firebaseio.com,1,1,https://lewozhihui.firebaseio.com,com.lavo.smart
437,gordonslakeside2.viewnetcam.com,1,1,http://gordonslakeside2.viewnetcam.com:50005,com.vslib.cameras.worldwide
438,www.herm.com,1,1,http://www.herm.com,com.vslib.cameras.worldwide
439,webcam.visitberlin.de,1,1,https://webcam.visitberlin.de/,com.vslib.cameras.worldwide
440,www.georgiaaquarium.org,1,1,https://www.georgiaaquarium.org/webcam,com.vision.cameras.us
441,train2peakandro.firebaseio.com,1,1,https://train2peakandro.firebaseio.com,com.twopeak.Train2PEAK
442,halv2.securecomwireless.com,1,1,https://halv2.securecomwireless.com/api/ring?auth_token=,com.dmp.android.ads
443,huanso-e96cc.firebaseio.com,1,1,https://huanso-e96cc.firebaseio.com,com.huanso.smart
444,sparkx-21f25.firebaseio.com,1,1,https://sparkx-21f25.firebaseio.com,com.sparkx.smart
445,www.rtwetter.de,1,1,http://www.rtwetter.de,com.vslib.cameras.worldwide
446,newapp.ychamp.net,1,1,https://newapp.ychamp.net/api/v5/,com.ychamp
447,handyman-6856b.firebaseio.com,1,1,https://handyman-6856b.firebaseio.com,com.handyman.smarthome
448,123xyz.mymeeso,1,1,http://123xyz.myMeeso,com.meesohome.meesohome
449,virismart-e3075.firebaseio.com,1,1,https://virismart-e3075.firebaseio.com,com.viribright.smart
450,eve-smart.firebaseio.com,1,1,https://eve-smart.firebaseio.com,com.evelighting.evesmart
451,philips-1889b.firebaseio.com,1,1,https://philips-1889b.firebaseio.com,com.philips.interact.android
452,www.neckar-odenwald-wetter.de,1,1,http://www.neckar-odenwald-wetter.de,com.vslib.cameras.worldwide
453,calorex-a1e0d.firebaseio.com,1,1,https://calorex-a1e0d.firebaseio.com,com.calorex.ipac
454,echo.lingyang-electronics.com,1,1,https://echo.lingyang-electronics.com,lysh.zw
455,envisionwellapp.io,1,1,https://envisionwellapp.io/label/demo/legacy-version/demo.html?r=,com.envision.well.app
456,caiyun.feixin.10086.cn,1,1,https://caiyun.feixin.10086.cn/mcloud/app/directoryFiles?params=,com.amethystum.cloud
457,www.acertecgroup.com,1,1,http://www.acertecgroup.com/page/about,com.homes.automate
458,www.feuervogel.be,1,1,http://www.feuervogel.be,com.vslib.cameras.worldwide
459,webcamsmexico.net,1,1,http://webcamsmexico.net/mexicodf2/,com.vslib.cameras.worldwide
460,www.123456.com,1,1,http://www.123456.com/,com.sket.bob
461,api.v2.validic.com,1,1,https://api.v2.validic.com/organizations/5ded45c6214197000181f5a9/users/E2bWell,com.envision.well.app
462,kafort-82b63.firebaseio.com,1,1,https://kafort-82b63.firebaseio.com,com.bobeite.kafort
463,www.alisanmart.com,1,1,https://www.alisanmart.com,com.Alisan.smart
464,www.royalresorts.com,1,1,https://www.royalresorts.com,com.vslib.cameras.worldwide
465,optilink-home.firebaseio.com,1,1,https://optilink-home.firebaseio.com,com.optilink.home.v2
466,s19.us-east-1.skyvdn.com,1,1,http://s19.us-east-1.skyvdn.com:1935/rtplive/10005/playlist.m3u8,com.vision.cameras.us
467,remezlight.com,1,1,https://remezlight.com/en/about/,com.remezlight.smart
468,www.hotel-mike.com,1,1,http://www.hotel-mike.com,com.vslib.cameras.worldwide
469,keytech-9e862.firebaseio.com,1,1,https://keytech-9e862.firebaseio.com,com.keytech.smart
470,www.orllo.so,1,1,http://www.ORLLO.so,vstc.KRIS.client
471,odata.host,1,1,http://odata.host/,com.hoval.connect
472,www.starspace.lv,1,1,http://www.starspace.lv,com.vslib.cameras.worldwide
473,amz-t1.yosmart.com,1,1,http://amz-t1.yosmart.com,com.ktt.sirius
474,sixpad.jp,1,1,http://sixpad.jp/athlete_support/index.html,jp.gr.mtg.sixpad.app
475,wx.88iot.net,1,1,http://wx.88iot.net,com.anjvision.p2pclientwithlt
476,nut-firmware.oss-cn-beijing.aliyuncs.com,1,1,http://nut-firmware.oss-cn-beijing.aliyuncs.com/12/29/2016_ceb8563c61f9248c32a5309e241ee40e.bin,com.nut.blehunter.imagic
477,ebookvn.akishop.vn,1,1,http://ebookvn.akishop.vn,com.boox_helper
478,staging21.risebuildings.com,1,1,https://staging21.risebuildings.com/,com.risesoftware.casata
479,www.waff.com,1,1,http://www.waff.com,com.vision.cameras.us
480,saxby-smart-aded3.firebaseio.com,1,1,https://saxby-smart-aded3.firebaseio.com,com.saxby.smart
481,www.vetlandagk.com,1,1,http://www.vetlandagk.com/kamera/,com.vslib.cameras.worldwide
482,www.avidglobalmedia.com,1,1,https://www.avidglobalmedia.com/privacy-policy.html,com.michelin.idealdriverpro
483,slokapi.myslok.com,1,1,http://slokapi.myslok.com/index.php,com.supude.igearslok
484,www.cervignanometeowebcam.it,1,1,https://www.cervignanometeowebcam.it/meteocam/images/,com.vslib.cameras.worldwide
485,cc-aqua-light.firebaseio.com,1,1,https://cc-aqua-light.firebaseio.com,com.ccaqualight.com
486,www.hallevikscamping.se,1,1,http://www.hallevikscamping.se/kamera/,com.vslib.cameras.worldwide
487,www.sala.lk,1,1,https://www.sala.lk/,com.sala.smart
488,smart-home-security-manager.firebaseio.com,1,1,https://smart-home-security-manager.firebaseio.com,itdim.shsm
489,pearapi-fyt-staging.pearsports.com,1,1,https://pearapi-fyt-staging.pearsports.com,com.findyourtrainer.duo
490,nadair.com,1,1,https://nadair.com/about-us/,com.nadair.smart
491,envure-6ff7d.firebaseio.com,1,1,https://envure-6ff7d.firebaseio.com,com.envure.smart
492,jezioro.firlej.pl,1,1,http://jezioro.firlej.pl,com.vslib.cameras.worldwide
493,view.dikemes.edu.gr,1,1,http://view.dikemes.edu.gr,com.vslib.cameras.worldwide
494,webcam.golfudine.it,1,1,http://webcam.golfudine.it/,com.vslib.cameras.worldwide
495,portal.pilot.sapmobilesecure.com,1,1,https://portal.pilot.sapmobilesecure.com,com.hoval.connect
496,internal-page.nvts.co,1,1,https://internal-page.nvts.co,com.westinghouse.smarthome
497,bilder.blaubeuren.de,1,1,http://bilder.blaubeuren.de/,com.vslib.cameras.worldwide
498,response.queue.jms.ardic.com,1,1,http://response.queue.jms.ardic.com,com.ardic.android.iotigniteagent
499,www.teslayun.com,1,1,http://www.teslayun.com,cn.sts.clound.monitor
500,coruscant-dev.ddi.michelin.com,1,1,https://coruscant-dev.ddi.michelin.com/identityprovider/api/identities/,com.michelin.idealdriverpro
501,api-mifit-staging-us.huami.com,1,1,https://api-mifit-staging-us.huami.com/,com.huami.hearingaids
502,60-webcam-11-90.tel.nau.edu,1,1,http://60-webcam-11-90.tel.nau.edu/jpg/image.jpg?,com.vision.cameras.us
503,account.sogou.com,1,1,http://account.sogou.com/,com.sogou.recmaster
504,www.ivt.se,1,1,https://www.ivt.se/kontakta-oss/,com.bosch.tt.IVT
505,bow-group-71e56.firebaseio.com,1,1,https://bow-group-71e56.firebaseio.com,com.linaco.bowgroup
506,webcam.aebamsterdam.nl,1,1,http://webcam.aebamsterdam.nl,com.vslib.cameras.worldwide
507,kingsbay.no,1,1,http://kingsbay.no/ny_lesund/webcam,com.vslib.cameras.worldwide
508,a3.tuyacn.com,1,1,https://a3.tuyacn.com:443/d.json,com.security.SwaiotTV
509,flaglersurf.com,1,1,http://flaglersurf.com,com.vision.cameras.us
510,cdn.herm.com,1,1,https://cdn.herm.com/webcam/,com.vslib.cameras.worldwide
511,luta-smart.firebaseio.com,1,1,https://luta-smart.firebaseio.com,com.lutasmart.vn
512,harbour-hall.de,1,1,http://harbour-hall.de/webcam/,com.vslib.cameras.worldwide
513,premiumbikegear.com,1,1,http://premiumbikegear.com/product/biologic-bluetooth-smart-heart-rate-strap/,com.nsoria.fit
514,wifi-socket-9e31e.firebaseio.com,1,1,https://wifi-socket-9e31e.firebaseio.com,com.wifisocket.smart
515,tr.impptk.com,1,1,https://tr.impptk.com/privacy-policy,com.michelin.idealdriverpro
516,api.staging.spiio.com,1,1,https://api.staging.spiio.com,com.spiio.mobile
517,tilegrafos.dyndns.org,1,1,http://tilegrafos.dyndns.org:8082/,com.vslib.cameras.worldwide
518,img-blog.csdnimg.cn,1,1,https://img-blog.csdnimg.cn/20200524220705330.png,com.stephen.teleprompter.treasure
519,meval-smart-home.firebaseio.com,1,1,https://meval-smart-home.firebaseio.com,com.Meval.Smart
520,www.doapps.com,1,1,http://www.doapps.com,com.newssynergy.kcauweather
521,xingyun.xiaojukeji.com,1,1,https://xingyun.xiaojukeji.com/docs/dokit/,cn.czyugang.ic.aromatherapymanager
522,www.dailybusinessup-guide.iveco.com,1,1,http://www.dailybusinessup-guide.iveco.com,com.iveco.businessup
523,www.califcoast.net,1,1,http://www.califcoast.net,com.vslib.cameras.worldwide
524,helio-smart-4g.firebaseio.com,1,1,https://helio-smart-4g.firebaseio.com,com.dinsafer.novaproplus4g
525,ychamp-c2b71.firebaseio.com,1,1,https://ychamp-c2b71.firebaseio.com,com.ychamp
526,app.mobilitat.ad,1,1,https://app.mobilitat.ad/gifs/,com.vslib.cameras.worldwide
527,homeflow-app-52eba.firebaseio.com,1,1,https://homeflow-app-52eba.firebaseio.com,com.homeflow.smart
528,non-prod-ha.risebuildings.com,1,1,https://non-prod-ha.risebuildings.com/,com.risesoftware.casata
529,minside.dyndns.org,1,1,http://minside.dyndns.org:8080,com.vslib.cameras.worldwide
530,www.ferrymans.co.uk,1,1,http://www.ferrymans.co.uk,com.vslib.cameras.worldwide
531,adfsb2c.cnhind.com,1,1,https://adfsb2c.cnhind.com/adfs/,com.iveco.businessup
532,apis.move-it.club,1,1,https://apis.move-it.club,com.eggplant.virgo
533,www.elk.pl,1,1,http://www.elk.pl,com.vslib.cameras.worldwide
534,nlln.shop,1,1,https://nlln.shop/5340386,com.nlln
535,www.mylumii.com,1,1,https://www.mylumii.com,com.mylumii.smart
536,www.vremenska.postaja.andre.si,1,1,http://www.vremenska.postaja.andre.si,com.vslib.cameras.worldwide
537,www.trainingbible.com,1,1,http://www.trainingbible.com/joesblog/2009/11/quick-guide-to-setting-zones.html,com.nsoria.fit
538,www.surfhousesurfcam.com,1,1,http://www.surfhousesurfcam.com,com.vision.cameras.us
539,www.cabia.net,1,1,http://www.cabia.net/img/,com.vslib.cameras.worldwide
540,vega-smart.firebaseio.com,1,1,https://vega-smart.firebaseio.com,com.vega.smart.home
541,www.nvk.one,1,1,http://www.nvk.one/,com.vslib.cameras.worldwide
542,richmat.com,1,1,http://richmat.com,com.dingzhi_akt.smart
543,www.akuvox.com,1,1,https://www.akuvox.com/,com.akuvox.smarthome
544,s17.vista-live.it,1,1,https://s17.vista-live.it/hls/live.stream.m3u8,com.vslib.cameras.worldwide
545,webcam3.stromstad.se,1,1,http://webcam3.stromstad.se/jpg/,com.vslib.cameras.worldwide
546,pljusak.hr,1,1,https://pljusak.hr/cam_other/,com.vslib.cameras.worldwide
547,iot.dialog.lk,1,1,https://iot.dialog.lk/smartlife/,lk.dialog.smartlife
548,iot.sogou.com,1,1,http://iot.sogou.com/web/tr2/otg/,com.sogou.recmaster
549,www.wildhaus.ch,1,1,http://www.wildhaus.ch,com.vslib.cameras.worldwide
550,public.iot.eapil.com,1,1,https://public.iot.eapil.com,com.eapil.eapilpanorama
551,record.sogou.com,1,1,https://record.sogou.com/,com.sogou.recmaster
552,31-d1.divas.cloud,1,1,https://31-d1.divas.cloud/CHAN-1/CHAN-1_1.stream/playlist.m3u8,com.vslib.cameras.worldwide
553,vietnam-hilife.firebaseio.com,1,1,https://vietnam-hilife.firebaseio.com,com.vietnam.hilife
554,mallsit.senhome.com.cn,1,1,https://mallsit.senhome.com.cn,com.sensology.all
555,bestek-home-9c817.firebaseio.com,1,1,https://bestek-home-9c817.firebaseio.com,com.bestek.smart
556,iqconnect-215013.firebaseio.com,1,1,https://iqconnect-215013.firebaseio.com,com.iqconnect.app
557,oss.zyxel.com,1,1,https://oss.zyxel.com,com.zyxel.securityrouter
558,www.urlaubs-webcam.de,1,1,http://www.urlaubs-webcam.de/campics/kressbronn-01/,com.vslib.cameras.worldwide
559,www.nsoria.io,1,1,http://www.nsoria.io,com.nsoria.fit
560,kupele-lucky.sk,1,1,http://kupele-lucky.sk,com.vslib.cameras.worldwide
561,kamera.interkam.pl,1,1,http://kamera.interkam.pl,com.vslib.cameras.worldwide
562,liveevent.se,1,1,http://liveevent.se/burlov/,com.vslib.cameras.worldwide
563,www.herlev-vejret.dk,1,1,http://www.herlev-vejret.dk,com.vslib.cameras.worldwide
564,denver-smart-living-8dce0.firebaseio.com,1,1,https://denver-smart-living-8dce0.firebaseio.com,com.denver.smartliving
565,www.cleva-uk.com,1,1,https://www.cleva-uk.com,com.cleva.smart
566,control-module.firebaseio.com,1,1,https://control-module.firebaseio.com,com.control.smart
567,www.hcr.com,1,1,https://www.hcr.com,com.vision.cameras.us
568,smarthome.hilife.sg,1,1,http://smarthome.hilife.sg/hilife/,com.hilife.homelife
569,testwechat.shecarefertility.com,1,1,http://testwechat.shecarefertility.com/amh/index.html,com.ikangtai.shecare.global
570,www.ifihomes.com,1,1,https://www.ifihomes.com/about-us/,com.ifismartlife.www
571,www.flysohigh.net,1,1,http://www.flysohigh.net/ipcam/,com.vslib.cameras.worldwide
572,smarthtbrightly.firebaseio.com,1,1,https://smarthtbrightly.firebaseio.com,com.huatengelectrical
573,webcam2.ohasli.ch,1,1,http://webcam2.ohasli.ch,com.vslib.cameras.worldwide
574,oa-api-analytics.getofficeapp.com,1,1,https://oa-api-analytics.getofficeapp.com/,com.getofficeapp.android
575,www.sicsas.eu,1,1,http://www.sicsas.eu/bornass/,com.vslib.cameras.worldwide
576,woow-270110.firebaseio.com,1,1,https://woow-270110.firebaseio.com,com.woow.tech
577,comfortlife.me,1,1,https://comfortlife.me,page.home.welcome.philips
578,ferrous-iridium-268706.firebaseio.com,1,1,https://ferrous-iridium-268706.firebaseio.com,com.ewisehome.smart
579,www.shecare.cn,1,1,http://www.shecare.cn,com.ikangtai.shecare.global
580,develop123.lp.com,1,1,http://develop123.lp.com/v1/reply/feedback,com.dj.voger
581,wx.fundo.xyz,1,1,http://wx.fundo.xyz/wxsports/generateQrCode.do?mac=,com.sector.ex
582,wpc.1527f.alphacdn.net,1,1,http://wpc.1527F.alphacdn.net/hls-live/201527F/KATV_shinall/shinall/live.m3u8,com.vslib.cameras.worldwide
583,live.hotelpestera.ro,1,1,https://live.hotelpestera.ro,com.vslib.cameras.worldwide
584,www.eroomsmart.com,1,1,http://www.eroomsmart.com/,com.eroomsmart.sis
585,shreehariinfotech.com,1,1,http://shreehariinfotech.com/birthday/small/bro/bro-1.jpg,com.PNBull.FaceMakeupPhotoEditor
586,helo-d292f.firebaseio.com,1,1,https://helo-d292f.firebaseio.com,com.strong.iot.helo
587,natural-choir-282609.firebaseio.com,1,1,https://natural-choir-282609.firebaseio.com,com.filta.smart
588,webcam.sollia.net,1,1,http://webcam.sollia.net/,com.vslib.cameras.worldwide
589,villakeywest.dyndns.org,1,1,http://villakeywest.dyndns.org/axis-cgi/jpg/image.cgi?,com.vision.cameras.us
590,buy.nexagrid.io,1,1,https://buy.nexagrid.io,io.nexagrid
591,taotronics-a9a9d.firebaseio.com,1,1,https://taotronics-a9a9d.firebaseio.com,com.taotronics.taotronics
592,mobu-8fef3.firebaseio.com,1,1,https://mobu-8fef3.firebaseio.com,com.mobs.smart
593,hypersmart-a92c5.firebaseio.com,1,1,https://hypersmart-a92c5.firebaseio.com,hyperikon.com
594,copilote.gmf.fr,1,1,https://copilote.gmf.fr/voituresconnecteescovea/autonomous/mentionslegalesgmf.html,com.michelin.idealdriverpro
595,www.grt.customs.gov.by,1,1,http://www.grt.customs.gov.by/webcam/,com.vslib.cameras.worldwide
596,mediaassets.krtv.com,1,1,https://mediaassets.krtv.com/KRTV/,com.vision.cameras.us
597,portal.murray.sapmobilesecure.com,1,1,https://portal.murray.sapmobilesecure.com,com.hoval.connect
598,www.alexa.gda.pl,1,1,http://www.alexa.gda.pl,com.vslib.cameras.worldwide
599,rec.speech.sogou.com,1,1,https://rec.speech.sogou.com:443,com.sogou.recmaster
600,myk.freshdesk.com,1,1,https://myk.freshdesk.com/solution/folders/36000170585,com.collartech.myk
601,hismart.pro,1,1,https://hismart.pro/about-us,com.hismart
602,www.mundsburgtower.de,1,1,http://www.mundsburgtower.de,com.vslib.cameras.worldwide
603,flyelstree.co.uk,1,1,http://flyelstree.co.uk,com.vslib.cameras.worldwide
604,www.flipswetter.ch,1,1,http://www.flipswetter.ch,com.vslib.cameras.worldwide
605,raybaby-698fa.firebaseio.com,1,1,https://raybaby-698fa.firebaseio.com,com.rayiot.raybabymonitor
606,ojd-smart.firebaseio.com,1,1,https://ojd-smart.firebaseio.com,com.ojdzn.smart
607,mismart-cam-d66ce.firebaseio.com,1,1,https://mismart-cam-d66ce.firebaseio.com,com.rdi2.mismartcam
608,www.wellnesshotel-rothfuss.de,1,1,https://www.wellnesshotel-rothfuss.de,com.vslib.cameras.worldwide
609,www.webcam.weiden.de,1,1,http://www.webcam.weiden.de,com.vslib.cameras.worldwide
610,cldevinstanceapi.azurewebsites.net,1,1,https://cldevinstanceapi.azurewebsites.net/api/,pl.medapp.medappekg
611,creta-samrt.firebaseio.com,1,1,https://creta-samrt.firebaseio.com,com.creta.smart
612,tag.api.dribbleup.come,1,1,https://tag.api.dribbleup.come,com.dribbleupbasketball
613,www.welzheim.de,1,1,https://www.welzheim.de,com.vslib.cameras.worldwide
614,envisionwell.page.link,1,1,https://envisionwell.page.link,com.envision.well.app
615,support.dwilen.com,1,1,https://support.dwilen.com/hc/fr/articles/360013141880,com.michelin.idealdriverpro
616,apphw.ddpai.com,1,1,http://apphw.ddpai.com,com.cam.fanttik
617,dms.arcsp.ardic.com,1,1,http://dms.arcsp.ardic.com,com.ardic.android.iotigniteagent
618,product.suning.com,1,1,https://product.suning.com/0000000000/107084531.html?srcpoint=index3_homepage1_32618213038_prod03,com.jovetech.cloudsee2.international2
619,www.liveevent.nu,1,1,http://www.liveevent.nu/arvika/,com.vslib.cameras.worldwide
620,www.shanling.xyz,1,1,http://www.shanling.xyz:2727/shanling-api/,com.shanling.shanlingcontroller
621,dev.baidu.com,1,1,http://dev.baidu.com/wiki/static/map/API/examples/script/convertor.js,com.fsbe.mykj
622,www.bruxelles.be,1,1,http://www.bruxelles.be,com.vslib.cameras.worldwide
623,webcam-aglasterhausen.de,1,1,http://webcam-aglasterhausen.de,com.vslib.cameras.worldwide
624,smart-remote-755b1.firebaseio.com,1,1,https://smart-remote-755b1.firebaseio.com,com.smartremote.smart
625,domotica-iox.firebaseio.com,1,1,https://domotica-iox.firebaseio.com,com.creatiox.smart
626,www.vegagerdin.is,1,1,https://www.vegagerdin.is/vgdata/vefmyndavelar/,com.vslib.cameras.worldwide
627,api.petkit.com,1,1,http://api.petkit.com/6/,com.petkit.abroad
628,www.onson.net,1,1,https://www.onson.net,com.lesheng.onson
629,mentalroad-adv.oss-cn-shanghai.aliyuncs.com,1,1,http://mentalroad-adv.oss-cn-shanghai.aliyuncs.com/adv_vehiclemgr_office.json,rocket.vehiclemgr.android.obd2.google
630,heimlife-1.firebaseio.com,1,1,https://heimlife-1.firebaseio.com,com.heimvision.smartlife
631,hyperstoresnappy.appypie.com,1,1,https://hyperstoresnappy.appypie.com/v1/error-log/create,com.app.canterquip
632,anymote-free.firebaseio.com,1,1,https://anymote-free.firebaseio.com,com.remotefairy4
633,www.lutz-hauptmann.net,1,1,http://www.lutz-hauptmann.net,com.vslib.cameras.worldwide
634,www.bluemythglobal.com,1,1,https://www.bluemythglobal.com/belulu-app/about/about_1_0_0.html,com.bluemythglobal.belulu
635,webcam.rheintalmeteo.ch,1,1,http://webcam.rheintalmeteo.ch/,com.vslib.cameras.worldwide
636,www.pfg.dk,1,1,http://www.pfg.dk/pub,com.vslib.cameras.worldwide
637,passport-dev.server.nubia.cn,1,1,https://passport-dev.server.nubia.cn/nubia_sdk,com.sogou.recmaster
638,qa-jads-server.internal.nativo.net,1,1,http://qa-jads-server.internal.nativo.net:8080,com.newssynergy.kcauweather
639,jutai-rgb.firebaseio.com,1,1,https://jutai-rgb.firebaseio.com,com.jutai.www
640,www.tespro.com.cn,1,1,http://www.tespro.com.cn/en/,com.tespro.smarttech
641,www.surfline.com,1,1,https://www.surfline.com,com.vision.cameras.us
642,heartbeat.ardich.com,1,1,http://heartbeat.ardich.com:80/,com.ardic.android.iotigniteagent
643,d1wse2.its.nv.gov,1,1,https://d1wse2.its.nv.gov:443/vegasxcd05/boulder_hwy_and_sunset_public.stream/playlist.m3u8,com.vision.cameras.us
644,ryte.hn,1,1,https://ryte.hn/descripcion-ryte-conductor/,com.ryte.partner
645,optilink-host.firebaseio.com,1,1,https://optilink-host.firebaseio.com,com.optilink.host
646,www.torontopolice.on.ca,1,1,http://www.torontopolice.on.ca/d32/,app.sugu
647,www.clevelandweather.net,1,1,http://www.clevelandweather.net,com.vslib.cameras.worldwide
648,www.ostheimrhoen.de,1,1,http://www.ostheimrhoen.de,com.vslib.cameras.worldwide
649,cvip.youku.com,1,1,http://cvip.youku.com/order/pay_info_h5,com.kloudsync.techexcel2
650,rxrsupport.worxwell.com,1,1,https://rxrsupport.worxwell.com/privacy.pdf,com.risesoftware.casata
651,www.bosch-climate.fi,1,1,https://www.bosch-climate.fi/yhteystiedot/,com.bosch.tt.IVT
652,hetostendsnieuws.be,1,1,https://hetostendsnieuws.be,com.app.glimmerlandscapelightingw
653,test.public.eapil.com,1,1,http://test.public.eapil.com,com.eapil.eapilpanorama
654,videoprobki.ua,1,1,http://videoprobki.ua,com.vslib.cameras.worldwide
655,live.bailesti.ro,1,1,http://live.bailesti.ro,com.vslib.cameras.worldwide
656,xant.linkpc.net,1,1,http://xant.linkpc.net:805,com.vslib.cameras.worldwide
657,icresmart.firebaseio.com,1,1,https://icresmart.firebaseio.com,com.icreation.www
658,activities.ttprivacy.com,1,1,https://activities.ttprivacy.com,com.bosch.tt.IVT
659,afiri.eu,1,1,http://afiri.eu/privacy_policy.html,com.mcu.Afiri
660,bernadia.altervista.org,1,1,https://bernadia.altervista.org/webcam/,com.vslib.cameras.worldwide
661,lakebocacam.com,1,1,http://lakebocacam.com,com.vision.cameras.us
662,paidang.ddpai.com,1,1,http://paidang.ddpai.com:19090/quality,com.cam.advocam
663,fit.duozhuo.com,1,1,http://fit.duozhuo.com/,com.mindorks.framework.mvp.gongban
664,www.cabovillas.com,1,1,http://www.cabovillas.com,com.vslib.cameras.worldwide
665,portofornells.dyndns.org,1,1,http://portofornells.dyndns.org:8001,com.vslib.cameras.worldwide
666,www.americanbankmontana.com,1,1,https://www.americanbankmontana.com/our-communities/big-sky/bigskywebcam,com.vision.cameras.us
667,smartz-9d619.firebaseio.com,1,1,https://smartz-9d619.firebaseio.com,com.iotworkz.smartz
668,trusteesfountaincamera.ecu.edu,1,1,http://trusteesfountaincamera.ecu.edu/,com.vision.cameras.us
669,www.didi.si,1,1,http://www.didi.si,com.vslib.cameras.worldwide
670,www.otsegocountymi.gov,1,1,http://www.otsegocountymi.gov,com.vslib.cameras.worldwide
671,mediaassets.kbzk.com,1,1,https://mediaassets.kbzk.com/kbzk/,com.vision.cameras.us
672,cn-north-1-localweb.nvts.co,1,1,https://cn-north-1-localweb.nvts.co,com.westinghouse.smarthome
673,meteorama.protezionecivile.fvg.it,1,1,http://meteorama.protezionecivile.fvg.it/COMMON/WEBCAM/,com.vslib.cameras.worldwide
674,aviga-homes-a528a.firebaseio.com,1,1,https://aviga-homes-a528a.firebaseio.com,com.aviga.home
675,market.comfortlife.me,1,1,https://market.comfortlife.me,page.home.welcome.philips
676,northmeteo.gr,1,1,http://northmeteo.gr,com.vslib.cameras.worldwide
677,45-fte.divas.cloud,1,1,https://45-fte.divas.cloud/CHAN-5917/CHAN-5917_1.stream/playlist.m3u8,com.vslib.cameras.worldwide
678,iot-test.wasumedia.cn,1,1,https://iot-test.wasumedia.cn/thirdCloud/connect/manager/open/push,com.legend.HiWear.app.android
679,driver-portal.ryte.hn,1,1,http://driver-portal.ryte.hn/?,com.ryte.partner
680,www.live24.nu,1,1,http://www.live24.nu/forbifartstockholm/,com.vslib.cameras.worldwide
681,kuled-by-tuya.firebaseio.com,1,1,https://kuled-by-tuya.firebaseio.com,com.kuled.smart
682,www.laperlahotel.eu,1,1,https://www.laperlahotel.eu/,com.vslib.cameras.worldwide
683,www.u-434.de,1,1,http://www.u-434.de,com.vslib.cameras.worldwide
684,www.bigbearmountainresort.com,1,1,http://www.bigbearmountainresort.com,com.vslib.cameras.worldwide
685,www.eilers-baltrum.de,1,1,http://www.eilers-baltrum.de,com.vslib.cameras.worldwide
686,fieldbit-android.firebaseio.com,1,1,https://fieldbit-android.firebaseio.com,com.fieldbit
687,grt.customs.gov.by,1,1,http://grt.customs.gov.by/webcam/,com.vslib.cameras.worldwide
688,www.gtc.iac.es,1,1,http://www.gtc.iac.es,com.vslib.cameras.worldwide
689,caliber0125-2c41e.firebaseio.com,1,1,https://caliber0125-2c41e.firebaseio.com,com.caliber.smart
690,www.weathercamnetwork.com.au,1,1,http://www.weathercamnetwork.com.au,com.vslib.cameras.worldwide
691,ivor-smart-life.firebaseio.com,1,1,https://ivor-smart-life.firebaseio.com,ivor.ivorshijie
692,futurepet-a35a1.firebaseio.com,1,1,https://futurepet-a35a1.firebaseio.com,com.futurepet.smart
693,www.controlites.com,1,1,https://www.controlites.com/,com.controlite.smart
694,cldevmainapi.azurewebsites.net,1,1,https://cldevmainapi.azurewebsites.net/api/,pl.medapp.medappekg
695,kyoholink.firebaseio.com,1,1,https://kyoholink.firebaseio.com,com.cq.kyoholink
696,o2wear.firebaseio.com,1,1,https://o2wear.firebaseio.com,com.O2WEAR.smart
697,www.wsv-tailfingen.de,1,1,http://www.wsv-tailfingen.de,com.vslib.cameras.worldwide
698,gardiki-live.gr,1,1,http://gardiki-live.gr,com.vslib.cameras.worldwide
699,naturparkvesterhavet.unigray.pil.dk,1,1,http://naturparkvesterhavet.unigray.pil.dk,com.vslib.cameras.worldwide
700,hryciuk.id.au,1,1,http://hryciuk.id.au,com.vslib.cameras.worldwide
701,vip.youku.com,1,1,http://vip.youku.com/?c=xhr,com.kloudsync.techexcel2
702,hbn-link.firebaseio.com,1,1,https://hbn-link.firebaseio.com,com.hbnlink.smart
703,purlette.com,1,1,https://purlette.com/pages/about,com.purlette.smart
704,ivs.bkg.bund.de,1,1,http://ivs.bkg.bund.de,com.vslib.cameras.worldwide
705,cnhidprod.reply.eu,1,1,https://cnhidprod.reply.eu,com.iveco.businessup
706,cdn.statichw.ddpai.com,1,1,https://cdn.statichw.ddpai.com,com.cam.fanttik
707,api.peertime.cn,1,1,https://api.peertime.cn/CWKnowledgeWise/Preview.aspx?49,com.kloudsync.techexcel2
708,corona.gov.bd,1,1,http://corona.gov.bd/documents/home-quarantine.pdf,com.cmedhealth.rgp.user
709,www.poperinge.be,1,1,http://www.poperinge.be,com.vslib.cameras.worldwide
710,oktrafficradar.org,1,1,http://oktrafficradar.org/hrserver/116/,com.vision.cameras.us
711,images.opentopia.com,1,1,http://images.opentopia.com/cams/7732/,com.vslib.cameras.worldwide
712,odevthst.securecomwireless.com,1,1,https://odevthst.securecomwireless.com,com.dmp.android.ads
713,stagila.ru,1,1,http://stagila.ru,com.vslib.cameras.worldwide
714,test.guogee.com,1,1,https://test.guogee.com/,com.eco1.ismartandroid2
715,easym.com.br,1,1,https://easym.com.br/easym-urban-privacy-policy,com.easym.urban
716,index2.send2boox.com,1,1,http://index2.send2boox.com,com.boox_helper
717,www.us.zyxel.com,1,1,http://www.us.Zyxel.com,com.zyxel.securityrouter
718,eziotcc-d184f.firebaseio.com,1,1,https://eziotcc-d184f.firebaseio.com,com.eziot.android
719,adaproxhelp.zendesk.com,1,1,https://adaproxhelp.zendesk.com,com.meshhub.meshhubappandroid
720,www.mykosmos.gr,1,1,https://www.mykosmos.gr,com.vslib.cameras.worldwide
721,www.higashinaruse.com,1,1,http://www.higashinaruse.com,com.vslib.cameras.worldwide
722,www.uc-skidcenter.se,1,1,http://www.uc-skidcenter.se,com.vslib.cameras.worldwide
723,groundlookwolke.synology.me,1,1,http://groundlookwolke.synology.me:11201/cgi-bin/,com.vslib.cameras.worldwide
724,app.pet-come.com,1,1,http://app.pet-come.com/app/PetCome.apk,com.petcome.smart
725,duofit2-1546842250571.firebaseio.com,1,1,https://duofit2-1546842250571.firebaseio.com,com.mindorks.framework.mvp.gongban
726,weet-smart-push.firebaseio.com,1,1,https://weet-smart-push.firebaseio.com,ca.weet.weetsmart
727,www.hightechpet.com,1,1,https://www.hightechpet.com/dogtrainer/mobile/images/jogging_cropped.jpg,com.hightechpet.bluefang
728,levett.zlmicro.com,1,1,https://levett.zlmicro.com,com.levett.wb
729,www.autoroutes.fr,1,1,http://www.autoroutes.fr,com.vslib.cameras.worldwide
730,www.deltaco.se,1,1,https://www.deltaco.se/,com.smartahem.smart
731,vreme.zajcek.org,1,1,http://vreme.zajcek.org,com.vslib.cameras.worldwide
732,sm.sinognss.com,1,1,http://sm.sinognss.com,com.sinognss.sm.free
733,dev.account.momentum-cam.com,1,1,https://dev.account.momentum-cam.com,com.pepper.sprint
734,inxni.m.tmall.com,1,1,https://inxni.m.tmall.com,com.yujin.icleboghome
735,alse-smart-53b3b.firebaseio.com,1,1,https://alse-smart-53b3b.firebaseio.com,com.alse.life
736,kelvinator-aa479.firebaseio.com,1,1,https://kelvinator-aa479.firebaseio.com,com.kel.smart
737,www.linganbox.com,1,1,http://www.linganbox.com/baozd/agreement_description.html,com.lingan.zigbee
738,csmart.vn,1,1,https://csmart.vn/,com.csmart.app
739,www.javiercejudo.com,1,1,https://www.javiercejudo.com,za.co.co3.techconnect
740,www.webcam.edelweiss-forni.com,1,1,http://www.webcam.edelweiss-forni.com/webc/,com.vslib.cameras.worldwide
741,smart-tech-bb042.firebaseio.com,1,1,https://smart-tech-bb042.firebaseio.com,com.tespro.smarttech
742,www.comfortlife.me,1,1,https://www.comfortlife.me,page.home.welcome.philips
743,windsor-smart.firebaseio.com,1,1,https://windsor-smart.firebaseio.com,com.windsor.smart
744,help.jr.mi.com,1,1,https://help.jr.mi.com/?app=com.mipay.wallet,com.huami.hearingaids
745,backend.moochies.com,1,1,https://backend.moochies.com/,com.waas.watch.newapp
746,supacell-wifi.firebaseio.com,1,1,https://supacell-wifi.firebaseio.com,com.supacell.smart
747,www.esg.de,1,1,http://www.esg.de,com.vslib.cameras.worldwide
748,www.99points.info,1,1,http://www.99points.info/2010/07/youtube-style-share-button-with-url-shortening-using-curl-jquery-and-php,page.home.welcome.philips
749,weather.trevandsteve.com,1,1,http://weather.trevandsteve.com,com.vslib.cameras.worldwide
750,www.sanatorii.by,1,1,http://www.sanatorii.by/cam/,com.vslib.cameras.worldwide
751,ozom-pro.firebaseio.com,1,1,https://ozom-pro.firebaseio.com,com.roc_connect.rocapp.smarthome.ozom
752,staging.mysolomio.io,1,1,https://staging.mysolomio.io,com.i4things.consolomio
753,www.co2art.eu,1,1,https://www.co2art.eu/,com.CO2ART
754,linkplus-c9eb6.firebaseio.com,1,1,https://linkplus-c9eb6.firebaseio.com,com.linkplus
755,dreka.it,1,1,https://dreka.it/,com.vslib.cameras.worldwide
756,drewbeccue.com,1,1,http://drewbeccue.com,com.vslib.cameras.worldwide
757,xtrapath1.izatcloud.net,1,1,http://xtrapath1.izatcloud.net/xtra3grcej.bin,com.huami.hearingaids
758,woc-mexico-lab-1.firebaseio.com,1,1,https://woc-mexico-lab-1.firebaseio.com,com.motorolasolutions.waveoncloudMexico
759,www.swellnet.com,1,1,http://www.swellnet.com,com.vslib.cameras.worldwide
760,edge02.hdontap.com,1,1,https://edge02.hdontap.com/ingest02-hd2/17th_delmar-ptz_hdontap.stream/playlist.m3u8,com.vslib.cameras.worldwide
761,haisen-itl-294e5.firebaseio.com,1,1,https://haisen-itl-294e5.firebaseio.com,com.haisen.smart
762,staging29.risebuildings.com,1,1,https://staging29.risebuildings.com/,com.risesoftware.casata
763,q-smart-224508.firebaseio.com,1,1,https://q-smart-224508.firebaseio.com,com.ifreeq.cn
764,live-api.move-it.club,1,1,https://live-api.move-it.club,com.eggplant.virgo
765,www.lakersbrasil.com,1,1,https://www.lakersbrasil.com/data/posts/noticia-secundaria_60a90ab21bc93_quadrada.jpg,com.waas.watch.newapp
766,www.touchmark.com,1,1,https://www.touchmark.com,com.vision.cameras.us
767,skizunft-wildbad.de,1,1,https://skizunft-wildbad.de,com.vslib.cameras.worldwide
768,ng.photoegg.club,1,1,http://ng.photoegg.club/nextcloud,com.amethystum.cloud
769,polaroidapps.ml,1,1,http://polaroidapps.ml/dev/kodak-api/Kodak_mini/get_old_firmware/,com.kodakmini
770,services.royalresorts.com,1,1,http://services.royalresorts.com/webcam/,com.vslib.cameras.worldwide
771,tommy-friedl.com,1,1,http://tommy-friedl.com,com.vslib.cameras.worldwide
772,dunasmart-5bb55.firebaseio.com,1,1,https://dunasmart-5bb55.firebaseio.com,com.dunaiot.smart
773,weathercams.subotica.info,1,1,http://weathercams.subotica.info,com.vslib.cameras.worldwide
774,bioapi.es,1,1,http://bioapi.es,com.vslib.cameras.worldwide
775,peertime-test.oss-cn-shanghai.aliyuncs.com,1,1,https://peertime-test.oss-cn-shanghai.aliyuncs.com/P49/Attachment/D85878/_,com.kloudsync.techexcel2
776,sit.senhome.com.cn,1,1,https://sit.senhome.com.cn,com.sensology.all
777,s20.us-east-1.skyvdn.com,1,1,http://s20.us-east-1.skyvdn.com:1935/rtplive/10006/playlist.m3u8,com.vision.cameras.us
778,www.avistaresort.com,1,1,https://www.avistaresort.com,com.vslib.cameras.worldwide
779,af.alicdn.com,1,1,http://af.alicdn.com/js/uac.js,com.kloudsync.techexcel2
780,rejestrator.piekary.net,1,1,http://rejestrator.piekary.net/cgi-bin/,com.vslib.cameras.worldwide
781,xsflipped.oss-cn-hangzhou.aliyuncs.com,1,1,https://xsflipped.oss-cn-hangzhou.aliyuncs.com/,com.xs.selfiestick
782,www.boucancanot.com,1,1,http://www.boucancanot.com,com.vslib.cameras.worldwide
783,osmdroid.github.io,1,1,http://osmdroid.github.io/osmdroid/index.html,com.nsoria.fit
784,forum.a1.by,1,1,https://forum.a1.by/,com.a1.smarthome
785,harbourbar.dyndns.org,1,1,http://harbourbar.dyndns.org:8080,com.vslib.cameras.worldwide
786,www.hyrumdamcam.com,1,1,http://www.hyrumdamcam.com,com.vision.cameras.us
787,trials-test.medtronic.com,1,1,https://trials-test.medtronic.com/api/connect/v1,me.comocomo.nutrino
788,www.smartlife.nz,1,1,https://www.smartlife.nz/,com.smartlifelabs.smartlifeair
789,ma.meshhub.cn,1,1,https://ma.meshhub.cn/,com.meshhub.meshhubappandroid
790,www.vistalive.it,1,1,https://www.vistalive.it,com.vslib.cameras.worldwide
791,myung-sung.firebaseio.com,1,1,https://myung-sung.firebaseio.com,com.myungsung.smartapp
792,staging25.risebuildings.com,1,1,https://staging25.risebuildings.com/,com.risesoftware.casata
793,sansui-smart.firebaseio.com,1,1,https://sansui-smart.firebaseio.com,com.smart.sansui
794,api-analytics.huami.com,1,1,https://api-analytics.huami.com/,com.huami.hearingaids
795,www.makercase.com,1,1,http://www.makercase.com/,com.arduino.uni.projects.diytutorial
796,azura-a7baa.firebaseio.com,1,1,https://azura-a7baa.firebaseio.com,com.azura.smarthome
797,www.kaikoe.com,1,1,https://www.kaikoe.com,com.kaikoe.android
798,life-konnect.firebaseio.com,1,1,https://life-konnect.firebaseio.com,com.tmcell.smart
799,api.speerit.co,1,1,https://api.speerit.co/,co.speerit.android
800,srv04.trinum.com,1,1,http://srv04.trinum.com/ibox/ftpcam/,com.vslib.cameras.worldwide
801,noble-api-dev.noblestech.org,1,1,https://noble-api-dev.noblestech.org/,com.nobleSmart
802,pathmile-3a9ae.firebaseio.com,1,1,https://pathmile-3a9ae.firebaseio.com,com.spectalabs.pathmile
803,virtualkeypadapp.dmp.support,1,1,https://virtualkeypadapp.dmp.support/,com.dmp.android.ads
804,43-mdx-cfx.divas.cloud,1,1,https://43-mdx-cfx.divas.cloud/CHAN-6868/CHAN-6868_1.stream/playlist.m3u8,com.vslib.cameras.worldwide
805,relon-life.firebaseio.com,1,1,https://relon-life.firebaseio.com,com.relon.life
806,www.pt,1,1,https://www.PT,com.LTS.NVMS7000
807,climax-eu-a090d.firebaseio.com,1,1,https://climax-eu-a090d.firebaseio.com,com.shopitec.ro
808,www-cg.cis.iwate-u.ac.jp,1,1,http://www-cg.cis.iwate-u.ac.jp,com.vslib.cameras.worldwide
809,pluscdn.easyhome.store,1,1,https://pluscdn.easyhome.store/,ai.plusminus.plusminusrhythm
810,www.homerunsmart.com,1,1,http://www.homerunsmart.com/h-col-138.html,com.homerun.petpartner
811,www.3laendereck.at,1,1,http://www.3laendereck.at,com.vslib.cameras.worldwide
812,a.tile.openstreetmap.se,1,1,http://a.tile.openstreetmap.se/hydda/full/,com.spectalabs.pathmile
813,www.aulendorfer-stoerche.de,1,1,http://www.aulendorfer-stoerche.de,com.vslib.cameras.worldwide
814,hyena-hta-r.firebaseio.com,1,1,https://hyena-hta-r.firebaseio.com,io.hylink.hra
815,develop.sixpadapp.jp,1,1,https://develop.sixpadapp.jp,jp.gr.mtg.sixpad.app
816,data-collection-test.shecarefertility.com,1,1,https://data-collection-test.shecarefertility.com/,com.ikangtai.shecare.global
817,www.wetterstation-isny.de,1,1,http://www.wetterstation-isny.de/webcam/,com.vslib.cameras.worldwide
818,vn.staging.hilife.sg,1,1,http://vn.staging.hilife.sg/,com.vietnam.hilife
819,oauth-aaa.uat.perenio.com,1,1,https://oauth-aaa.uat.perenio.com,com.a1.smarthome
820,kolbingen.dyndns.org,1,1,http://kolbingen.dyndns.org:443,com.vslib.cameras.worldwide
821,api-mifit-us.huami.com,1,1,https://api-mifit-us.huami.com/,com.huami.hearingaids
822,test.m.v.qq.com,1,1,http://test.m.v.qq.com/txplayer?,com.kloudsync.techexcel2
823,spmpp.smartz.vn,1,1,http://spmpp.smartz.vn,com.smartzsm.smartz
824,alanonline.eu,1,1,http://alanonline.eu,com.vslib.cameras.worldwide
825,cam.butovonet.ru,1,1,http://cam.butovonet.ru,com.vslib.cameras.worldwide
826,silentnight0308.firebaseio.com,1,1,https://silentnight0308.firebaseio.com,com.silentnight.smarthome
827,s21.vista-live.it,1,1,https://s21.vista-live.it/hls/live.stream.m3u8,com.vslib.cameras.worldwide
828,www.ihorn.com.cn,1,1,http://www.ihorn.com.cn/AboutUs/Company/Company.html,com.ihorn.smart
829,spmfaq.smartz.vn,1,1,http://spmfaq.smartz.vn,com.smartzsm.smartz
830,cam.marina.kardla.ee,1,1,http://cam.marina.kardla.ee/record/,com.vslib.cameras.worldwide
831,krew-e4128.firebaseio.com,1,1,https://krew-e4128.firebaseio.com,fit.krew.android
832,www.staums.cn,1,1,http://www.staums.cn,com.staums.home
833,prodcdn.tritondive.co,1,1,https://prodcdn.tritondive.co,com.deepblu.android.deepblu
834,www.meteotop.ch,1,1,http://www.meteotop.ch,com.vslib.cameras.worldwide
835,getawair.com,1,1,https://getawair.com/products/awair-glow,com.nsoria.fit
836,webcam.hoechsten.de,1,1,http://webcam.hoechsten.de/,com.vslib.cameras.worldwide
837,staging.speerit.co,1,1,https://staging.speerit.co/dashboard/team/,co.speerit.android
838,predator-2b950.firebaseio.com,1,1,https://predator-2b950.firebaseio.com,com.Glaziar_PREDATOR
839,aron-smart.firebaseio.com,1,1,https://aron-smart.firebaseio.com,com.aronlight.smart
840,saki.us,1,1,https://saki.us/pages/about-us,com.sakismart.com
841,sensei-c6b62.firebaseio.com,1,1,https://sensei-c6b62.firebaseio.com,com.sensei.wifi
842,44-fte.divas.cloud,1,1,https://44-fte.divas.cloud/CHAN-5123/CHAN-5123_1.stream/playlist.m3u8,com.vslib.cameras.worldwide
843,videocam.brasovcity.ro,1,1,http://videocam.brasovcity.ro/172.20.0.10/record/,com.vslib.cameras.worldwide
844,barunsonstay.com,1,1,https://barunsonstay.com/,com.barunsonstay.iot
845,vivtechproducts.com,1,1,https://vivtechproducts.com/smart-monitor-faq,com.security.vivtech
846,mycloud-push.zyxel.com,1,1,https://mycloud-push.zyxel.com/,com.zyxel.securityrouter
847,iot.stage.perenio.com,1,1,https://iot.stage.perenio.com,com.a1.smarthome
848,feastoriasupplies.com,1,1,https://feastoriasupplies.com/,com.usaki.feastoria
849,jadran.izor.hr,1,1,http://jadran.izor.hr/webcam/,com.vslib.cameras.worldwide
850,kancy.com,1,1,https://kancy.com/pages/about-us,com.kancy.com
851,www.mccall.id.us,1,1,http://www.mccall.id.us,com.vision.cameras.us
852,511in.org,1,1,https://511in.org,com.vision.cameras.us
853,g-light-858db.firebaseio.com,1,1,https://g-light-858db.firebaseio.com,com.glight.smart
854,www.parmida.com,1,1,https://www.parmida.com/,com.parmida.smart
855,mylumii.firebaseio.com,1,1,https://mylumii.firebaseio.com,com.mylumii.smart
856,geenu-30d2b.firebaseio.com,1,1,https://geenu-30d2b.firebaseio.com,com.masinfionex.geenu
857,live-test.move-it.club,1,1,https://live-test.move-it.club,com.eggplant.virgo
858,spark-alert-security.firebaseio.com,1,1,https://spark-alert-security.firebaseio.com,com.security.sparkalert
859,live.caymanchillin.net,1,1,http://live.caymanchillin.net/images/,com.vslib.cameras.worldwide
860,eu.api.iotcl.pro,1,1,https://eu.api.iotcl.pro,page.home.welcome.philips
861,www.seoulsemicon.com,1,1,http://www.seoulsemicon.com/cn/company/main,com.Sunlike.MTE
862,ematic.us,1,1,https://ematic.us/privacy-policy-mobile-app/,com.jetstreama.smart
863,king-electric.com,1,1,https://king-electric.com/support/information-contact/,tw.tih.smartiot
864,saniq-heart.firebaseio.com,1,1,https://saniq-heart.firebaseio.com,de.qurasoft.saniq.heart
865,www.circuitdigest.com,1,1,http://www.circuitdigest.com/,com.arduino.uni.projects.diytutorial
866,nodecasts.org,1,1,http://nodecasts.org,za.co.co3.techconnect
867,brokerv2.goiot.id,1,1,http://brokerv2.goiot.id:8000,com.smarthomegoiot
868,www.ringnbring.com,1,1,https://www.ringnbring.com/terms.html,com.nvrl8.ringnbringemitter
869,301o583r8shhildde3s0vcnh-wpengine.netdna-ssl.com,1,1,https://301o583r8shhildde3s0vcnh-wpengine.netdna-ssl.com/wp-content/uploads/2016/09/ard-min-300x221.jpg,com.arduino.uni.projects.diytutorial
870,webcam.orsagronklitt.se,1,1,https://webcam.orsagronklitt.se/,com.vslib.cameras.worldwide
871,ryte-210517.firebaseio.com,1,1,https://ryte-210517.firebaseio.com,com.ryte.partner
872,www.trabert-packer.de,1,1,http://www.trabert-packer.de,com.vslib.cameras.worldwide
873,www.sunwodaenergy.com,1,1,http://www.sunwodaenergy.com/index_en.aspx,com.jilian.powerstation
874,www.rathaus-rheinbach.de,1,1,http://www.rathaus-rheinbach.de,com.vslib.cameras.worldwide
875,accio-ab398.firebaseio.com,1,1,https://accio-ab398.firebaseio.com,com.accio.homes
876,hirtshals-fyrtaarn.dk,1,1,http://hirtshals-fyrtaarn.dk,com.vslib.cameras.worldwide
877,nks.webcamsallad.com,1,1,http://nks.webcamsallad.com/hammarbybacken/,com.vslib.cameras.worldwide
878,corp.sogou.com,1,1,http://corp.sogou.com/private.html,com.sogou.recmaster
879,srv03.trinum.com,1,1,http://srv03.trinum.com/ibox/ftpcam/,com.vslib.cameras.worldwide
880,pristine-rainbow-nursery.firebaseio.com,1,1,https://pristine-rainbow-nursery.firebaseio.com,com.ilmasoft.ParentPRN
881,images.webcambrasov.ro,1,1,http://images.webcambrasov.ro/linx-live/,com.vslib.cameras.worldwide
882,trafikinfo.trafikverket.se,1,1,http://trafikinfo.trafikverket.se,com.vslib.cameras.worldwide
883,mediaassets.ktvq.com,1,1,https://mediaassets.ktvq.com/KTVQ/,com.vision.cameras.us
884,www.enka.com,1,1,http://www.enka.com,com.vslib.cameras.worldwide
885,d2auxz6hho19h4.cloudfront.net,1,1,https://d2auxz6hho19h4.cloudfront.net/,com.deepblu.android.deepblu
886,srv08.trinum.com,1,1,https://srv08.trinum.com/ibox/ftpcam/,com.vslib.cameras.worldwide
887,www.bike24.com,1,1,https://www.bike24.com/p2101714.html,com.nsoria.fit
888,novia-5b046.firebaseio.com,1,1,https://novia-5b046.firebaseio.com,com.mcu.NOVIA
889,sumavaeu.humlnet.cz,1,1,http://sumavaeu.humlnet.cz/churanov/1024/,com.vslib.cameras.worldwide
890,international-api.shecarefertility.com,1,1,https://international-api.shecarefertility.com/international-shecare/,com.ikangtai.shecare.global
891,cmsdev.b1automation.com,1,1,https://cmsdev.b1automation.com/booking/,com.coralinnovation.allsmarthome
892,baifengtao.ga,1,1,http://baifengtao.ga/baifengtao_photocillage/birthdaycards/api/apiGetBirthdayCards.php,com.PNBull.FaceMakeupPhotoEditor
893,heating-star.firebaseio.com,1,1,https://heating-star.firebaseio.com,com.davel.heating
894,homesautomate.firebaseio.com,1,1,https://homesautomate.firebaseio.com,com.homes.automate
895,r.avlab.qq.com,1,1,http://r.avlab.qq.com,cc.eziot.cik
896,www.zelezna-ruda.cz,1,1,http://www.zelezna-ruda.cz,com.vslib.cameras.worldwide
897,push-cn.jovcloud.com,1,1,http://push-cn.jovcloud.com:6798/pub/jpush_servers,com.jovetech.cloudsee2.international2
898,web-geofisica.ineter.gob.ni,1,1,http://web-geofisica.ineter.gob.ni,com.vslib.cameras.worldwide
899,www.sfg-binningen.de,1,1,http://www.sfg-binningen.de,com.vslib.cameras.worldwide
900,novi-marof.hr,1,1,http://novi-marof.hr,com.vslib.cameras.worldwide
901,www.circuitcity-online.co.il,1,1,https://www.circuitcity-online.co.il/privacy-policy/,circuit.City.Smart.iot
902,spmsa.smartz.vn,1,1,http://spmsa.smartz.vn,com.smartzsm.smartz
903,api.innoway.vn,1,1,http://api.innoway.vn,com.viettel.vthome
904,www.nexagrid.io,1,1,https://www.nexagrid.io/privacypolicy,io.nexagrid
905,mechanoes.weebly.com,1,1,http://mechanoes.weebly.com/uploads/5/6/0/1/56012303/%E2%80%8Bmotion_following_camera_base.zip,com.arduino.uni.projects.diytutorial
906,openapi.geneverse.com,1,1,https://openapi.geneverse.com/api/v1/,com.znkit.smart.geneverse
907,v.olloll.com,1,1,https://v.olloll.com/app/index.php?c=site,com.globalpat.philipscamera
908,mediaassets.kpax.com,1,1,https://mediaassets.kpax.com/KPAX/,com.vision.cameras.us
909,inkbird-ibs-m1.firebaseio.com,1,1,https://inkbird-ibs-m1.firebaseio.com,com.inkbird.wifiibsm1
910,www.aklhp.com,1,1,http://www.aklhp.com,com.akl.app
911,www.ledstory.com,1,1,https://www.ledstory.com/Why-LED-STORY.html,com.ledstory.smart
912,www.tceweather.com,1,1,https://www.tceweather.com,com.vslib.cameras.worldwide
913,staging26.risebuildings.com,1,1,https://staging26.risebuildings.com/,com.risesoftware.casata
914,www.stadt-blumberg.de,1,1,http://www.stadt-blumberg.de,com.vslib.cameras.worldwide
915,godarville-meteo.be,1,1,http://godarville-meteo.be,com.vslib.cameras.worldwide
916,stenimaxos.meteoclub.gr,1,1,http://stenimaxos.meteoclub.gr/cam.php,com.vslib.cameras.worldwide
917,www.ningmengmaosz.com,1,1,https://www.ningmengmaosz.com,com.ningmengmao
918,ambrane-smart-life.firebaseio.com,1,1,https://ambrane-smart-life.firebaseio.com,com.smart.ambrane
919,webcam.novy-jicin.cz,1,1,http://webcam.novy-jicin.cz,com.vslib.cameras.worldwide
920,kozy-faa31.firebaseio.com,1,1,https://kozy-faa31.firebaseio.com,com.ql.kozy
921,jib-smart-home.firebaseio.com,1,1,https://jib-smart-home.firebaseio.com,com.jib.smarthome
922,h5.m.youku.com,1,1,https://h5.m.youku.com//ju/download.html?spm=a1z3i.a4.0.0.5311ca28QkO2Em,com.kloudsync.techexcel2
923,www.carlinometeo.altervista.org,1,1,http://www.carlinometeo.altervista.org/webcam/,com.vslib.cameras.worldwide
924,anjia.goolink.org,1,1,https://anjia.goolink.org,com.anjvision.p2pclientwithlt
925,iowadotsfs1.us-east-1.skyvdn.com,1,1,https://iowadotsfs1.us-east-1.skyvdn.com:443/rtplive/80TV147lb/playlist.m3u8,com.vision.cameras.us
926,veesmart-6a21e.firebaseio.com,1,1,https://veesmart-6a21e.firebaseio.com,com.vee.smart
927,smart-8585f.firebaseio.com,1,1,https://smart-8585f.firebaseio.com,com.forsmart.smart
928,staging30.risebuildings.com,1,1,https://staging30.risebuildings.com/,com.risesoftware.casata
929,www.cloudsee.com,1,1,http://www.cloudsee.com/Android/,com.jovetech.cloudsee2.international2
930,www.berlin.de,1,1,http://www.berlin.de,com.vslib.cameras.worldwide
931,www.atlantisfm.de,1,1,http://www.atlantisfm.de,com.vslib.cameras.worldwide
932,www.nks.webcamsallad.com,1,1,http://www.nks.webcamsallad.com/falsterbokanalen/,com.vslib.cameras.worldwide
933,5a4e346f7b586.streamlock.net,1,1,https://5a4e346f7b586.streamlock.net:1935/uzivo/gradski-trg.stream/playlist.m3u8,com.vslib.cameras.worldwide
934,joylifesmart-bcadb.firebaseio.com,1,1,https://joylifesmart-bcadb.firebaseio.com,com.iot.joylifesmart
935,azp.com.pl,1,1,http://azp.com.pl,com.vslib.cameras.worldwide
936,www.lightson.se,1,1,http://www.lightson.se,com.lights.on
937,amsdecommon.azure-api.net,1,1,https://amsdecommon.azure-api.net/trafficland/live/,com.vision.cameras.maryland
938,iqlife.firebaseio.com,1,1,https://iqlife.firebaseio.com,com.aiqlife.iqlife
939,myiotathome-tuya.firebaseio.com,1,1,https://myiotathome-tuya.firebaseio.com,com.kiiot.myiotathome
940,lithe-creek-223907.firebaseio.com,1,1,https://lithe-creek-223907.firebaseio.com,com.nekolighting.www
941,ysvhomeautomation.com,1,1,https://ysvhomeautomation.com/,com.ysv
942,www.caragh-lake.de,1,1,http://www.caragh-lake.de,com.vslib.cameras.worldwide
943,ocr.y0.com,1,1,https://ocr.y0.com,sadurj.fast.document.scanner.scantopdf.smartscanner
944,great-smart.firebaseio.com,1,1,https://great-smart.firebaseio.com,com.great.smart
945,scms-288a9.firebaseio.com,1,1,https://scms-288a9.firebaseio.com,com.grundig.scms
946,www.hogarinteligente.mx,1,1,http://www.hogarinteligente.mx,com.hogarinteligente.app
947,traffic.talgov.net,1,1,https://traffic.talgov.net/HLS/CITY_CCM01.m3u8,com.vslib.cameras.worldwide
948,cdn0.homevsmart.com,1,1,https://cdn0.homevsmart.com/,com.sharp.smarthome
949,e-smartlife-7c078.firebaseio.com,1,1,https://e-smartlife-7c078.firebaseio.com,com.esmart.life
950,meridian-lighting.firebaseio.com,1,1,https://meridian-lighting.firebaseio.com,com.meridian.smart
951,www.liveevent.se,1,1,http://www.liveevent.se/burlov/,com.vslib.cameras.worldwide
952,shiksha-4e700.firebaseio.com,1,1,https://shiksha-4e700.firebaseio.com,com.shiksha.shiksha
953,com.globalpat.philipscamera,1,1,https://com.globalpat.philipscamera/page/about,com.globalpat.philipscamera
954,www.jastrzebia.org.pl,1,1,http://www.jastrzebia.org.pl,com.vslib.cameras.worldwide
955,middenbaanhofzuidcam.mellegers.com,1,1,http://middenbaanhofzuidcam.mellegers.com:8300/axis-cgi/jpg/,com.vslib.cameras.worldwide
956,policies.ttprivacy-preview.com,1,1,https://policies.ttprivacy-preview.com,com.bosch.tt.IVT
957,remote.aqueductmarina.co.uk,1,1,http://remote.aqueductmarina.co.uk,com.vslib.cameras.worldwide
958,smartzone-6c790.firebaseio.com,1,1,https://smartzone-6c790.firebaseio.com,com.smartzone.smartzone
959,mybrasov.eu,1,1,http://mybrasov.eu,com.vslib.cameras.worldwide
960,wsb.live.smilecdn.com,1,1,https://wsb.live.smilecdn.com/484600858/main/playlist.m3u8,com.vslib.cameras.worldwide
961,www.eltiempoensantafe.com.ar,1,1,http://www.eltiempoensantafe.com.ar,com.vslib.cameras.worldwide
962,os-cubed.com,1,1,http://os-cubed.com/portals/0/,com.vslib.cameras.worldwide
963,www.monotype.com.hkhttp,1,1,http://www.monotype.com.hkhttp,com.htstar.euked
964,elechomes.firebaseio.com,1,1,https://elechomes.firebaseio.com,com.thousandshores.elechomes
965,www.ktn.gv.at,1,1,http://www.ktn.gv.at/a09webcams/,com.vslib.cameras.worldwide
966,evogov.s3.amazonaws.com,1,1,https://evogov.s3.amazonaws.com/media/141/media/,com.vision.cameras.us
967,wyfy-66841.firebaseio.com,1,1,https://wyfy-66841.firebaseio.com,com.wyfy.iot
968,app.pathmile.com,1,1,https://app.pathmile.com/api/,com.spectalabs.pathmile
969,www.bayernwebcam.de,1,1,http://www.bayernwebcam.de,com.vslib.cameras.worldwide
970,www.gatesweather.us,1,1,http://www.gatesweather.us,com.vslib.cameras.worldwide
971,sala-smart.firebaseio.com,1,1,https://sala-smart.firebaseio.com,com.sala.smart
972,usweb.comhouse.in,1,1,http://usweb.comhouse.in,com.gcs.comhouse
973,www.dopravniinfo.cz,1,1,http://www.dopravniinfo.cz,com.vslib.cameras.worldwide
974,www.xerocamboscreta.com,1,1,https://www.xerocamboscreta.com,com.vslib.cameras.worldwide
975,devtest.pet-come.com,1,1,http://devtest.pet-come.com/,com.petcome.smart
976,arillas.com,1,1,https://arillas.com,com.vslib.cameras.worldwide
977,device-api.cotx-sg.io,1,1,https://device-api.cotx-sg.io/cotx/v1.0/,com.cotxdevice.cotxpetfon
978,iot.perenio.com,1,1,https://iot.perenio.com,com.a1.smarthome
979,proairtec-f9143.firebaseio.com,1,1,https://proairtec-f9143.firebaseio.com,com.raven.proairtec
980,soemon-cho.miemasu.net,1,1,http://soemon-cho.miemasu.net:63103,com.vslib.cameras.worldwide
981,ilmasoft.com,1,1,http://ilmasoft.com/,com.ilmasoft.ParentPRN
982,www.pornoitaliano.com,1,1,http://www.pornoitaliano.com/,com.frogtosea.smartprint
983,itscameras.dot.state.oh.us,1,1,https://itscameras.dot.state.oh.us/images/,com.vslib.cameras.worldwide
984,s58.nysdot.skyvdn.com,1,1,https://s58.nysdot.skyvdn.com:443/rtplive/TA_001/playlist.m3u8,com.vision.cameras.us
985,twni.blob.core.windows.net,1,1,https://twni.blob.core.windows.net/cctv/,com.vslib.cameras.worldwide
986,www.teachmemicro.com,1,1,https://www.teachmemicro.com/beaglebone-black-mpu6050-i2c-tutorial-part-2/,com.arduino.uni.projects.diytutorial
987,www.gluwee.com,1,1,https://www.gluwee.com/wp-content/uploads/2020/12/tom-holland_cover.jpg,com.waas.watch.newapp
988,www.b-p-s.de,1,1,http://www.b-p-s.de,com.vslib.cameras.worldwide
989,app.smarthomy.com,1,1,http://app.smarthomy.com/en/faq.html,com.smarthomy.mobile
990,remindhub.evalutrac.com,1,1,https://remindhub.evalutrac.com,com.banneritsystems.remindtrac
991,www.loewenburger-hof.de,1,1,http://www.loewenburger-hof.de,com.vslib.cameras.worldwide
992,www.theengineeringprojects.com,1,1,https://www.theengineeringprojects.com/,com.arduino.uni.projects.diytutorial
993,www.kiteboarding-club.com,1,1,https://www.kiteboarding-club.com/el-gouna,com.vslib.cameras.worldwide
994,video.moojet.cn,1,1,http://video.moojet.cn/%E4%BD%8E%E6%B8%A9%E7%89%9B%E6%8E%92.mp4,com.hoojet.messtin
995,api-mifit-staging-cn.huami.com,1,1,https://api-mifit-staging-cn.huami.com/,com.huami.hearingaids
996,sedonawebcam.com,1,1,https://sedonawebcam.com,com.vision.cameras.us
997,windmill-air.firebaseio.com,1,1,https://windmill-air.firebaseio.com,com.wind.mill
998,www.comunitatvalenciana.com,1,1,https://www.comunitatvalenciana.com,com.vslib.cameras.worldwide
999,test.eilsystem.info,1,1,https://test.eilsystem.info/sixpad_web,jp.gr.mtg.sixpad.app
1000,yitong.goolink.org,1,1,http://yitong.goolink.org,com.eapil.eapilpanorama
